year,country,city,stage,home_team,away_team,home_score,away_score,outcome,win_conditions,winning_team,losing_team,date,month,dayofweek,Year_Decade,Binary_outcome
1930,16,83,3,27,42,0.4,0.1,2,48,22,46,0,0,3,0,1
1930,16,83,6,5,76,0.0,0.3,0,48,62,5,0,0,3,0,0
1930,16,83,4,8,80,0.1,0.2,0,48,66,8,1,0,1,0,0
1930,16,83,5,52,56,0.1,0.3,0,48,45,56,1,0,1,0,0
1930,16,83,3,2,27,0.1,0.0,2,48,1,30,2,0,5,0,1
1930,16,83,3,12,42,0.3,0.0,2,48,9,46,3,0,6,0,1
1930,16,83,4,6,80,0.0,0.4,0,48,66,6,4,0,4,0,0
1930,16,83,6,51,76,0.0,0.3,0,48,62,55,4,0,4,0,0
1930,16,83,5,77,52,0.1,0.0,2,48,63,56,5,0,0,0,1
1930,16,83,3,2,42,0.5,0.3,2,48,1,46,6,0,2,0,1
1930,16,83,3,12,27,0.1,0.0,2,48,9,30,6,0,2,0,1
1930,16,83,6,5,51,0.0,0.1,0,48,39,5,7,0,3,0,0
1930,16,83,4,6,8,0.0,0.4,0,48,6,6,7,0,3,0,0
1930,16,83,5,77,56,0.4,0.0,2,48,63,60,8,0,1,0,1
1930,16,83,3,2,12,0.3,0.1,2,48,1,12,9,0,5,0,1
1930,16,83,20,2,76,0.5,0.1,2,48,1,80,10,0,2,0,1
1930,16,83,20,77,80,0.5,0.1,2,48,63,84,11,0,3,0,1
1930,16,83,1,77,2,0.4,0.2,2,48,63,2,12,0,6,0,1
1934,6,12,19,2,68,0.2,0.3,0,48,57,2,13,2,3,0,0
1934,6,144,19,4,27,0.3,0.2,2,4,3,30,13,2,3,0,1
1934,6,36,19,5,28,0.2,0.5,0,48,23,5,13,2,3,0,0
1934,6,43,19,8,67,0.1,0.3,0,48,56,8,13,2,3,0,0
1934,6,143,19,19,56,0.2,0.1,2,48,15,60,13,2,3,0,1
1934,6,89,19,23,33,0.2,0.4,0,48,26,26,13,2,3,0,0
1934,6,116,19,38,76,0.5,0.1,2,48,28,80,13,2,3,0,1
1934,6,81,19,44,69,0.2,0.3,0,48,58,48,13,2,3,0,0
1934,6,12,18,4,33,0.2,0.1,2,48,3,36,14,2,4,0,1
1934,6,144,18,19,69,0.3,0.2,2,48,15,73,14,2,4,0,1
1934,6,81,18,28,68,0.2,0.1,2,48,23,72,14,2,4,0,1
1934,6,36,18,38,67,0.1,0.1,1,48,17,22,14,2,4,0,1
1934,6,36,18,38,67,0.1,0.0,2,48,28,71,15,1,0,0,1
1934,6,116,20,19,28,0.3,0.1,2,48,15,31,16,1,3,0,1
1934,6,81,20,38,4,0.1,0.0,2,48,28,4,16,1,3,0,1
1934,6,89,21,4,28,0.2,0.3,0,48,65,4,17,1,4,0,0
1934,6,116,1,38,18,0.2,0.1,2,25,28,20,18,1,3,0,1
1938,4,102,19,28,69,0.1,0.1,1,48,17,22,19,1,2,0,1
1938,4,136,19,8,53,0.5,0.5,2,7,6,57,20,1,3,0,1
1938,4,142,19,17,56,0.3,0.3,1,48,17,22,20,1,3,0,1
1938,4,63,19,19,44,0.3,0.0,2,16,15,48,20,1,3,0,1
1938,4,22,19,27,5,0.3,0.1,2,48,22,5,20,1,3,0,1
1938,4,113,19,33,20,0.5,0.0,2,48,26,23,20,1,3,0,1
1938,4,77,19,38,49,0.2,0.1,2,25,28,53,20,1,3,0,1
1938,4,142,19,17,56,0.2,0.1,2,48,13,60,21,1,4,0,1
1938,4,102,19,28,69,0.2,0.4,0,48,58,31,21,1,4,0,0
1938,4,13,18,8,18,0.1,0.1,1,48,17,22,22,1,3,0,1
1938,4,1,18,17,68,0.0,0.5,0,48,57,18,22,1,3,0,0
1938,4,22,18,27,37,0.1,0.3,0,48,28,30,22,1,3,0,0
1938,4,67,18,33,69,0.2,0.0,2,48,26,73,22,1,3,0,1
1938,4,13,18,8,18,0.2,0.1,2,48,6,20,23,1,5,0,1
1938,4,77,20,8,37,0.1,0.2,0,48,28,8,24,1,4,0,0
1938,4,102,20,33,68,0.5,0.1,2,48,26,72,24,1,4,0,1
1938,4,13,21,8,68,0.4,0.2,2,48,6,72,25,1,3,0,1
1938,4,22,1,33,37,0.2,0.4,0,48,28,36,25,1,3,0,0
1950,1,115,3,8,42,0.4,0.0,2,48,6,46,26,1,2,1,1
1950,1,115,4,12,25,0.0,0.2,0,48,20,12,27,1,3,1,0
1950,1,140,5,38,68,0.2,0.3,0,48,57,41,27,1,3,1,0
1950,1,24,4,67,76,0.3,0.1,2,48,56,80,27,1,3,1,1
1950,1,6,3,69,80,0.0,0.3,0,48,66,73,27,1,3,1,0
1950,1,140,3,8,69,0.2,0.2,1,48,17,22,28,1,6,1,1
1950,1,107,3,42,80,0.1,0.4,0,48,66,46,28,1,6,1,0
1950,1,115,4,12,67,0.0,0.2,0,48,56,12,29,1,4,1,0
1950,1,6,4,25,76,0.0,0.1,0,48,62,28,29,1,4,1,0
1950,1,24,5,51,68,0.2,0.2,1,48,17,22,29,1,4,1,1
1950,1,115,3,8,80,0.2,0.0,2,48,6,84,30,0,2,1,1
1950,1,6,6,6,77,0.0,0.5,0,48,63,6,31,0,3,1,0
1950,1,112,4,12,76,0.5,0.2,2,48,9,80,31,0,3,1,1
1950,1,115,4,25,67,0.0,0.1,0,48,56,28,31,0,3,1,0
1950,1,140,5,38,51,0.2,0.0,2,48,28,55,31,0,3,1,1
1950,1,107,3,42,69,0.1,0.2,0,48,58,46,31,0,3,1,0
1950,1,115,2,8,68,0.5,0.1,2,48,6,72,32,0,3,1,1
1950,1,140,2,67,77,0.2,0.2,1,48,17,22,32,0,3,1,1
1950,1,115,2,8,67,0.5,0.1,2,48,6,71,33,0,4,1,1
1950,1,140,2,68,77,0.2,0.3,0,48,63,72,33,0,4,1,0
1950,1,115,2,8,77,0.1,0.2,0,48,63,8,34,0,3,1,0
1950,1,140,2,67,68,0.1,0.3,0,48,57,71,34,0,3,1,0
1954,14,158,5,4,59,0.1,0.0,2,48,3,63,35,1,6,1,1
1954,14,42,3,8,42,0.5,0.0,2,48,6,46,35,1,6,1,1
1954,14,8,5,19,77,0.0,0.2,0,48,63,20,35,1,6,1,0
1954,14,62,3,27,80,0.0,0.1,0,48,66,30,35,1,6,1,0
1954,14,5,6,5,25,0.4,0.4,1,48,17,22,36,1,4,1,1
1954,14,8,4,78,73,0.4,0.1,2,48,65,77,36,1,4,1,1
1954,14,158,4,33,65,0.5,0.0,2,48,26,69,36,1,4,1,1
1954,14,62,6,69,37,0.2,0.1,2,48,58,41,36,1,4,1,1
1954,14,158,5,4,18,0.5,0.0,2,48,3,20,37,1,2,1,1
1954,14,62,3,8,80,0.1,0.1,1,48,17,22,37,1,2,1,1
1954,14,42,3,27,42,0.3,0.2,2,48,22,46,37,1,2,1,1
1954,14,5,5,59,77,0.0,0.5,0,48,63,63,37,1,2,1,0
1954,14,70,6,5,37,0.1,0.4,0,48,28,5,38,1,3,1,0
1954,14,5,4,78,33,0.3,0.5,0,48,26,83,38,1,3,1,0
1954,14,42,4,65,73,0.0,0.5,0,48,60,69,38,1,3,1,0
1954,14,8,6,69,25,0.0,0.2,0,48,20,73,38,1,3,1,0
1954,14,158,4,78,73,0.5,0.2,2,48,65,77,39,1,6,1,1
1954,14,5,6,69,37,0.4,0.1,2,48,58,41,39,1,6,1,1
1954,14,5,18,25,77,0.2,0.4,0,48,63,28,40,1,2,1,0
1954,14,62,18,69,4,0.5,0.5,0,48,3,73,40,1,2,1,0
1954,14,8,18,8,33,0.2,0.4,0,48,26,8,41,1,3,1,0
1954,14,42,18,78,80,0.2,0.0,2,48,65,84,41,1,3,1,1
1954,14,5,20,4,79,0.1,0.5,0,48,65,4,42,1,6,1,0
1954,14,62,20,33,77,0.4,0.2,2,24,26,81,42,1,6,1,1
1954,14,158,21,4,77,0.3,0.1,2,48,3,81,43,0,2,1,1
1954,14,8,1,78,33,0.3,0.2,2,48,65,36,44,0,3,1,1
1958,13,73,3,2,79,0.1,0.3,0,48,65,2,45,1,3,1,0
1958,13,145,6,4,8,0.0,0.3,0,48,6,4,45,1,3,1,0
1958,13,48,3,19,48,0.0,0.1,0,48,37,20,45,1,3,1,0
1958,13,45,6,25,66,0.2,0.2,1,48,17,22,45,1,3,1,1
1958,13,95,4,27,51,0.5,0.3,2,48,22,55,45,1,3,1,1
1958,13,126,5,33,78,0.1,0.1,1,48,17,22,45,1,3,1,1
1958,13,154,4,59,80,0.1,0.1,1,48,17,22,45,1,3,1,1
1958,13,135,5,68,42,0.3,0.0,2,48,57,46,45,1,3,1,1
1958,13,48,3,2,48,0.3,0.1,2,48,1,52,46,1,6,1,1
1958,13,14,6,4,66,0.0,0.2,0,48,55,4,46,1,6,1,0
1958,13,45,6,8,25,0.0,0.0,1,48,17,22,46,1,6,1,1
1958,13,51,3,19,79,0.2,0.2,1,48,17,22,46,1,6,1,1
1958,13,154,4,27,80,0.2,0.3,0,48,66,30,46,1,6,1,0
1958,13,135,5,42,78,0.1,0.1,1,48,17,22,46,1,6,1,1
1958,13,95,4,51,59,0.3,0.2,2,48,39,63,46,1,6,1,1
1958,13,135,5,68,33,0.2,0.1,2,48,57,36,47,1,4,1,1
1958,13,51,3,2,18,0.1,0.5,0,48,15,2,48,1,3,1,0
1958,13,14,6,4,25,0.2,0.2,1,48,17,22,48,1,3,1,1
1958,13,45,6,8,66,0.2,0.0,2,48,6,70,48,1,3,1,1
1958,13,159,4,27,59,0.2,0.1,2,48,22,63,48,1,3,1,1
1958,13,73,3,78,48,0.2,0.2,1,48,17,22,48,1,3,1,1
1958,13,126,5,33,42,0.4,0.0,2,48,26,46,48,1,3,1,1
1958,13,35,4,51,80,0.3,0.3,1,48,17,22,48,1,3,1,1
1958,13,135,5,68,78,0.0,0.0,1,48,17,22,48,1,3,1,1
1958,13,73,3,19,48,0.1,0.2,0,28,37,20,49,1,5,1,0
1958,13,45,6,25,66,0.0,0.1,0,48,55,28,49,1,5,1,0
1958,13,135,5,33,78,0.1,0.2,0,48,64,36,49,1,5,1,0
1958,13,45,18,8,78,0.1,0.0,2,48,6,82,50,1,4,1,1
1958,13,95,18,27,48,0.4,0.0,2,48,22,52,50,1,4,1,1
1958,13,73,18,78,80,0.1,0.0,2,48,65,84,50,1,4,1,1
1958,13,135,18,68,66,0.2,0.0,2,48,57,70,50,1,4,1,1
1958,13,135,20,8,27,0.5,0.2,2,48,6,30,51,1,5,1,1
1958,13,45,20,68,79,0.3,0.1,2,48,57,83,51,1,5,1,1
1958,13,45,21,27,79,0.5,0.3,2,48,22,83,52,1,2,1,1
1958,13,135,1,68,8,0.2,0.5,0,48,6,72,53,1,3,1,0
1962,2,111,6,2,9,0.1,0.0,2,48,1,9,54,2,6,2,1
1962,2,152,5,8,42,0.2,0.0,2,48,6,46,54,2,6,2,1
1962,2,127,4,12,69,0.3,0.1,2,48,9,73,54,2,6,2,1
1962,2,2,3,14,77,0.1,0.2,0,48,63,14,54,2,6,2,0
1962,2,152,5,19,67,0.1,0.0,2,48,15,71,55,2,4,2,1
1962,2,111,6,25,33,0.1,0.2,0,48,26,28,55,2,4,2,0
1962,2,127,4,78,37,0.0,0.0,1,48,17,22,55,2,4,2,1
1962,2,2,3,66,80,0.2,0.0,2,48,55,84,55,2,4,2,1
1962,2,111,6,2,25,0.1,0.3,0,48,20,2,56,1,2,2,0
1962,2,152,5,8,18,0.0,0.0,1,48,17,22,56,1,2,2,1
1962,2,127,4,12,37,0.2,0.0,2,48,9,41,56,1,2,2,1
1962,2,2,3,77,80,0.1,0.3,0,48,66,81,56,1,2,2,0
1962,2,111,6,9,33,0.1,0.5,0,48,26,9,57,1,3,2,0
1962,2,2,3,14,66,0.4,0.4,1,48,17,22,57,1,3,2,1
1962,2,127,4,78,69,0.2,0.1,2,48,65,73,57,1,3,2,1
1962,2,152,5,42,67,0.0,0.1,0,48,56,46,57,1,3,2,0
1962,2,111,6,2,33,0.0,0.0,1,48,17,22,58,1,6,2,1
1962,2,152,5,8,67,0.2,0.1,2,48,6,71,58,1,6,2,1
1962,2,127,4,12,79,0.0,0.2,0,48,65,12,58,1,6,2,0
1962,2,2,3,66,77,0.2,0.1,2,48,55,81,58,1,6,2,1
1962,2,111,6,9,25,0.0,0.0,1,48,17,22,59,1,4,2,1
1962,2,2,3,14,80,0.0,0.5,0,48,66,14,59,1,4,2,0
1962,2,152,5,19,42,0.1,0.3,0,48,32,20,59,1,4,2,0
1962,2,127,4,38,69,0.3,0.0,2,48,28,73,59,1,4,2,1
1962,2,152,18,8,25,0.3,0.1,2,48,6,28,60,1,3,2,1
1962,2,2,18,12,66,0.2,0.1,2,48,9,70,60,1,3,2,1
1962,2,111,18,19,33,0.1,0.0,2,48,15,36,60,1,3,2,1
1962,2,127,18,78,80,0.0,0.1,0,48,66,83,60,1,3,2,0
1962,2,127,20,12,8,0.2,0.4,0,48,6,12,61,1,6,2,0
1962,2,152,20,19,80,0.3,0.1,2,48,15,84,61,1,6,2,1
1962,2,127,21,12,80,0.1,0.0,2,48,9,84,62,1,2,2,1
1962,2,127,1,8,18,0.3,0.1,2,48,6,20,63,1,3,2,1
1966,3,69,3,25,77,0.0,0.0,1,48,17,22,64,0,1,2,1
1966,3,68,5,8,9,0.2,0.0,2,48,6,9,65,0,5,2,1
1966,3,133,4,78,69,0.5,0.0,2,48,65,73,65,0,5,2,1
1966,3,80,6,47,66,0.0,0.3,0,48,55,51,65,0,5,2,0
1966,3,10,4,2,67,0.2,0.1,2,48,1,71,66,0,6,2,1
1966,3,138,6,12,37,0.0,0.2,0,48,28,12,66,0,6,2,0
1966,3,69,3,27,42,0.1,0.1,1,48,17,22,66,0,6,2,1
1966,3,75,5,33,54,0.1,0.3,0,48,43,36,66,0,6,2,0
1966,3,68,5,8,33,0.1,0.3,0,48,26,8,67,0,0,2,0
1966,3,80,6,12,47,0.1,0.1,1,48,17,22,67,0,0,2,1
1966,3,69,3,27,77,0.1,0.2,0,48,63,30,67,0,0,2,0
1966,3,133,4,67,69,0.2,0.1,2,48,56,73,67,0,0,2,1
1966,3,10,4,2,79,0.0,0.0,1,48,17,22,68,0,2,2,1
1966,3,75,5,9,54,0.0,0.3,0,48,43,9,68,0,2,2,0
1966,3,69,3,25,42,0.2,0.0,2,48,20,46,68,0,2,2,1
1966,3,138,6,38,66,0.0,0.1,0,48,55,41,68,0,2,2,0
1966,3,133,4,2,69,0.2,0.0,2,48,1,73,69,0,5,2,1
1966,3,68,5,8,54,0.1,0.3,0,48,43,8,69,0,5,2,0
1966,3,80,6,38,47,0.0,0.1,0,48,36,41,69,0,5,2,0
1966,3,69,3,42,77,0.0,0.0,1,48,17,22,69,0,5,2,1
1966,3,75,5,9,33,0.1,0.3,0,48,26,9,70,0,6,2,0
1966,3,138,6,12,66,0.1,0.2,0,48,55,12,70,0,6,2,0
1966,3,69,3,25,27,0.2,0.0,2,48,20,30,70,0,6,2,1
1966,3,10,4,78,67,0.2,0.1,2,48,65,71,70,0,6,2,1
1966,3,69,18,25,2,0.1,0.0,2,48,20,2,71,0,2,2,1
1966,3,133,18,78,77,0.4,0.0,2,48,65,81,71,0,2,2,1
1966,3,138,18,33,66,0.1,0.2,0,48,55,36,71,0,2,2,0
1966,3,68,18,47,54,0.3,0.5,0,48,43,51,71,0,2,2,0
1966,3,68,20,78,66,0.2,0.1,2,48,65,70,72,0,1,2,1
1966,3,69,20,25,54,0.2,0.1,2,48,20,58,73,0,5,2,1
1966,3,69,21,54,66,0.2,0.1,2,48,43,70,74,0,4,2,1
1966,3,69,1,25,79,0.4,0.2,2,17,20,83,75,0,2,2,1
1970,8,79,3,42,66,0.0,0.0,1,48,17,22,76,2,3,3,1
1970,8,66,6,9,52,0.2,0.3,0,48,40,9,77,1,5,3,0
1970,8,46,5,25,56,0.1,0.0,2,48,20,60,77,1,5,3,1
1970,8,109,4,37,77,0.0,0.2,0,48,63,40,77,1,5,3,0
1970,8,79,3,5,24,0.3,0.0,2,48,4,27,78,1,6,3,1
1970,8,46,5,8,18,0.4,0.1,2,48,6,20,78,1,6,3,1
1970,8,66,6,78,43,0.2,0.1,2,48,65,47,78,1,6,3,1
1970,8,141,4,38,68,0.1,0.0,2,48,28,72,78,1,6,3,1
1970,8,79,3,5,66,0.1,0.4,0,48,55,5,79,1,2,3,0
1970,8,46,5,19,56,0.1,0.2,0,48,45,20,79,1,2,3,0
1970,8,109,4,38,77,0.0,0.0,1,48,17,22,79,1,2,3,1
1970,8,66,6,43,52,0.0,0.3,0,48,40,47,79,1,2,3,0
1970,8,46,5,8,25,0.1,0.0,2,48,6,28,80,1,3,3,1
1970,8,66,6,9,79,0.2,0.5,0,48,65,9,80,1,3,3,0
1970,8,141,4,37,68,0.1,0.1,1,48,17,22,80,1,3,3,1
1970,8,79,3,42,24,0.4,0.0,2,48,32,27,80,1,3,3,1
1970,8,46,5,8,56,0.3,0.2,2,48,6,60,81,1,6,3,1
1970,8,79,3,24,66,0.0,0.2,0,48,55,27,81,1,6,3,0
1970,8,66,6,78,52,0.3,0.1,2,48,65,56,81,1,6,3,1
1970,8,109,4,68,77,0.1,0.0,2,48,57,81,81,1,6,3,1
1970,8,66,6,9,43,0.1,0.1,1,48,17,22,82,1,4,3,1
1970,8,46,5,19,25,0.0,0.1,0,48,20,20,82,1,4,3,0
1970,8,141,4,37,37,0.0,0.0,1,48,17,22,82,1,4,3,1
1970,8,79,3,42,5,0.1,0.0,2,48,32,5,82,1,4,3,1
1970,8,46,18,8,52,0.4,0.2,2,48,6,56,83,1,3,3,1
1970,8,66,18,25,79,0.2,0.3,0,43,65,28,83,1,3,3,0
1970,8,141,18,42,37,0.1,0.4,0,48,28,46,83,1,3,3,0
1970,8,79,18,66,77,0.0,0.1,0,41,63,70,83,1,3,3,0
1970,8,46,20,8,77,0.3,0.1,2,48,6,81,84,1,6,3,1
1970,8,79,20,78,37,0.3,0.4,0,25,28,83,84,1,6,3,0
1970,8,79,21,78,77,0.1,0.0,2,48,65,81,85,1,2,3,1
1970,8,79,1,8,37,0.4,0.1,2,48,6,41,86,1,3,3,1
1974,5,39,4,8,80,0.0,0.0,1,48,17,22,87,1,4,3,1
1974,5,29,4,80,59,0.0,0.2,0,48,48,85,88,1,0,3,0
1974,5,49,3,21,3,0.2,0.0,2,48,18,3,88,1,0,3,1
1974,5,7,3,78,12,0.1,0.0,2,48,65,12,88,1,0,3,1
1974,5,86,6,38,31,0.3,0.1,2,48,28,34,89,1,2,3,1
1974,5,137,6,53,2,0.3,0.2,2,48,41,2,89,1,2,3,1
1974,5,31,5,68,9,0.0,0.0,1,48,17,22,89,1,2,3,1
1974,5,50,5,77,44,0.0,0.2,0,48,34,81,89,1,2,3,0
1974,5,7,3,12,21,0.1,0.1,1,48,17,22,90,1,5,3,1
1974,5,49,3,78,3,0.3,0.0,2,48,65,3,90,1,5,3,1
1974,5,39,4,59,8,0.0,0.0,1,48,17,22,90,1,5,3,1
1974,5,41,4,79,81,0.5,0.0,2,48,66,85,90,1,5,3,1
1974,5,137,6,2,37,0.1,0.1,1,48,17,22,91,1,6,3,1
1974,5,50,5,9,77,0.1,0.1,1,48,17,22,91,1,6,3,1
1974,5,86,6,31,53,0.0,0.5,0,48,41,34,91,1,6,3,0
1974,5,29,5,44,68,0.0,0.0,1,48,17,22,91,1,6,3,1
1974,5,7,3,3,12,0.0,0.0,1,48,17,22,92,1,2,3,1
1974,5,41,4,80,8,0.0,0.3,0,48,6,85,92,1,2,3,0
1974,5,49,3,78,21,0.0,0.1,0,48,18,83,92,1,2,3,0
1974,5,39,4,59,80,0.1,0.1,1,48,17,22,92,1,2,3,1
1974,5,86,6,2,31,0.4,0.1,2,48,1,34,93,1,3,3,1
1974,5,29,5,9,44,0.1,0.4,0,48,34,9,93,1,3,3,0
1974,5,137,6,53,37,0.2,0.1,2,48,41,41,93,1,3,3,1
1974,5,31,5,68,77,0.3,0.0,2,48,57,81,93,1,3,3,1
1974,5,50,9,8,21,0.1,0.0,2,48,6,24,94,1,6,3,1
1974,5,31,10,78,80,0.2,0.0,2,48,65,84,94,1,6,3,1
1974,5,41,9,44,2,0.4,0.0,2,48,34,2,94,1,6,3,1
1974,5,137,10,68,53,0.0,0.1,0,48,41,72,94,1,6,3,0
1974,5,50,9,2,8,0.1,0.2,0,48,6,2,95,1,3,3,0
1974,5,41,9,21,44,0.0,0.2,0,48,34,83,95,1,3,3,0
1974,5,31,10,78,68,0.4,0.2,2,48,65,72,95,1,3,3,1
1974,5,39,10,53,80,0.2,0.1,2,48,41,84,95,1,3,3,1
1974,5,41,9,2,21,0.1,0.1,1,48,17,22,96,0,6,3,1
1974,5,39,10,78,53,0.1,0.0,2,48,65,57,96,0,6,3,1
1974,5,29,9,44,8,0.2,0.0,2,48,34,8,96,0,6,3,1
1974,5,31,10,68,80,0.2,0.1,2,48,57,84,96,0,6,3,1
1974,5,86,21,8,53,0.0,0.1,0,48,41,8,97,0,2,3,0
1974,5,86,1,78,44,0.2,0.1,2,48,65,48,98,0,3,3,1
1978,0,16,4,78,53,0.0,0.0,1,48,17,22,99,1,4,3,1
1978,0,16,3,2,33,0.2,0.1,2,48,1,36,100,1,0,3,1
1978,0,76,3,27,37,0.1,0.2,0,48,28,30,100,1,0,3,0
1978,0,117,4,42,72,0.1,0.3,0,48,59,46,100,1,0,3,0
1978,0,16,5,4,67,0.2,0.1,2,48,3,71,101,1,2,3,1
1978,0,76,5,8,68,0.1,0.1,1,48,17,22,101,1,2,3,1
1978,0,78,6,35,44,0.0,0.3,0,48,34,38,101,1,2,3,0
1978,0,25,6,52,59,0.3,0.1,2,48,40,63,101,1,2,3,1
1978,0,16,3,2,27,0.2,0.1,2,48,1,30,102,1,5,3,1
1978,0,25,4,78,42,0.5,0.0,2,48,65,46,102,1,5,3,1
1978,0,76,3,33,37,0.1,0.3,0,48,28,36,102,1,5,3,0
1978,0,117,4,53,72,0.1,0.0,2,48,41,76,102,1,5,3,1
1978,0,16,5,4,68,0.1,0.0,2,48,3,72,103,1,6,3,1
1978,0,76,5,8,67,0.0,0.0,1,48,17,22,103,1,6,3,1
1978,0,25,6,35,59,0.1,0.1,1,48,17,22,103,1,6,3,1
1978,0,78,6,44,52,0.0,0.0,1,48,17,22,103,1,6,3,1
1978,0,16,3,2,37,0.0,0.1,0,48,28,2,104,1,2,3,0
1978,0,76,3,27,33,0.3,0.1,2,48,22,36,104,1,2,3,1
1978,0,25,4,78,72,0.0,0.0,1,48,17,22,104,1,2,3,1
1978,0,117,4,42,53,0.1,0.3,0,48,41,46,104,1,2,3,0
1978,0,76,5,4,8,0.0,0.1,0,48,6,4,105,1,3,3,0
1978,0,25,6,35,52,0.1,0.4,0,48,40,38,105,1,3,3,0
1978,0,78,6,44,59,0.2,0.3,0,48,48,48,105,1,3,3,0
1978,0,16,5,67,68,0.1,0.0,2,48,56,72,105,1,3,3,1
1978,0,117,10,2,53,0.2,0.0,2,48,1,57,106,1,6,3,1
1978,0,25,9,4,44,0.1,0.5,0,48,34,4,106,1,6,3,0
1978,0,78,10,8,52,0.3,0.0,2,48,6,56,106,1,6,3,1
1978,0,16,9,78,37,0.0,0.0,1,48,17,22,106,1,6,3,1
1978,0,117,10,2,8,0.0,0.0,1,48,17,22,107,1,3,3,1
1978,0,16,9,4,37,0.0,0.1,0,48,28,4,107,1,3,3,0
1978,0,25,9,78,44,0.2,0.2,1,48,17,22,107,1,3,3,1
1978,0,78,10,52,53,0.0,0.1,0,48,41,56,107,1,3,3,0
1978,0,117,10,2,52,0.5,0.0,2,48,1,56,108,1,6,3,1
1978,0,25,9,4,79,0.3,0.2,2,48,3,83,108,1,6,3,1
1978,0,78,10,8,53,0.3,0.1,2,48,6,57,108,1,6,3,1
1978,0,16,9,38,44,0.1,0.2,0,48,34,41,108,1,6,3,0
1978,0,16,21,8,37,0.2,0.1,2,48,6,41,109,1,2,3,1
1978,0,16,1,2,44,0.3,0.1,2,0,1,48,110,1,3,3,1
1982,12,3,5,2,5,0.0,0.1,0,48,4,2,111,1,3,4,0
1982,12,132,8,8,66,0.2,0.1,2,48,6,70,112,1,1,4,1
1982,12,151,3,38,53,0.0,0.0,1,48,17,22,112,1,1,4,1
1982,12,34,5,33,24,0.5,0.1,2,48,26,27,113,1,5,4,1
1982,12,61,3,52,10,0.0,0.0,1,48,17,22,113,1,5,4,1
1982,12,87,8,59,45,0.5,0.2,2,48,48,49,113,1,5,4,1
1982,12,9,6,25,27,0.3,0.1,2,48,20,30,114,1,6,4,1
1982,12,44,4,78,0,0.1,0.2,0,48,0,83,114,1,6,4,0
1982,12,148,7,67,32,0.1,0.1,1,48,17,22,114,1,6,4,1
1982,12,99,4,12,4,0.0,0.1,0,48,3,12,115,1,4,4,0
1982,12,149,6,19,41,0.1,0.1,1,48,17,22,115,1,4,4,1
1982,12,157,7,79,48,0.0,0.0,1,48,17,22,115,1,4,4,1
1982,12,0,5,2,33,0.4,0.1,2,48,1,36,116,1,0,4,1
1982,12,132,8,8,59,0.4,0.1,2,48,6,63,116,1,0,4,1
1982,12,151,3,38,52,0.1,0.1,1,48,17,22,116,1,0,4,1
1982,12,34,5,5,24,0.1,0.0,2,48,4,27,117,1,2,4,1
1982,12,61,3,53,10,0.0,0.0,1,48,17,22,117,1,2,4,1
1982,12,87,8,66,45,0.3,0.0,2,48,55,49,117,1,2,4,1
1982,12,9,6,25,18,0.2,0.0,2,48,20,20,118,1,3,4,1
1982,12,44,4,78,12,0.4,0.1,2,48,65,12,118,1,3,4,1
1982,12,148,7,67,80,0.2,0.1,2,48,56,84,118,1,3,4,1
1982,12,99,4,0,4,0.0,0.2,0,48,3,0,119,1,1,4,0
1982,12,149,6,27,41,0.4,0.1,2,48,22,45,119,1,1,4,1
1982,12,157,7,32,48,0.1,0.1,1,48,17,22,119,1,1,4,1
1982,12,34,5,5,33,0.1,0.1,1,48,17,22,120,1,5,4,1
1982,12,61,3,53,52,0.5,0.1,2,48,41,56,120,1,5,4,1
1982,12,87,8,66,59,0.2,0.2,1,48,17,22,120,1,5,4,1
1982,12,0,5,2,24,0.2,0.0,2,48,1,27,121,1,6,4,1
1982,12,132,8,8,45,0.4,0.0,2,48,6,49,121,1,6,4,1
1982,12,151,3,38,10,0.1,0.1,1,48,17,22,121,1,6,4,1
1982,12,99,4,0,12,0.3,0.2,2,48,0,12,122,1,4,4,1
1982,12,149,6,27,18,0.1,0.1,1,48,17,22,122,1,4,4,1
1982,12,157,7,32,80,0.0,0.1,0,48,66,35,122,1,4,4,0
1982,12,9,6,25,41,0.1,0.0,2,48,20,45,123,1,0,4,1
1982,12,44,4,78,4,0.1,0.0,2,48,65,4,123,1,0,4,1
1982,12,148,7,67,48,0.0,0.1,0,48,37,71,123,1,0,4,0
1982,12,72,12,4,27,0.0,0.1,0,48,22,4,124,1,1,4,0
1982,12,3,9,53,5,0.3,0.0,2,48,41,5,124,1,1,4,1
1982,12,72,10,78,25,0.0,0.0,1,48,17,22,125,1,5,4,1
1982,12,3,11,38,2,0.2,0.1,2,48,28,2,125,1,5,4,1
1982,12,72,12,4,48,0.2,0.2,1,48,17,22,126,0,4,4,1
1982,12,3,9,5,66,0.0,0.1,0,48,55,5,126,0,4,4,0
1982,12,3,11,2,8,0.1,0.3,0,48,6,2,127,0,0,4,0
1982,12,72,10,67,79,0.1,0.2,0,48,65,71,127,0,0,4,0
1982,12,72,12,27,48,0.4,0.1,2,48,22,52,128,0,3,4,1
1982,12,3,9,53,66,0.0,0.0,1,48,17,22,128,0,3,4,1
1982,12,3,11,38,8,0.3,0.2,2,48,28,8,129,0,1,4,1
1982,12,72,10,67,25,0.0,0.0,1,48,17,22,129,0,1,4,1
1982,12,132,20,78,27,0.3,0.3,2,46,65,30,130,0,4,4,1
1982,12,3,20,53,37,0.0,0.2,0,48,28,57,130,0,4,4,0
1982,12,0,21,53,27,0.3,0.2,2,48,41,30,131,0,2,4,1
1982,12,72,1,38,79,0.3,0.1,2,48,28,83,132,0,3,4,1
1986,8,79,9,9,37,0.1,0.1,1,48,17,22,133,2,2,4,1
1986,8,66,11,11,27,0.0,0.1,0,48,22,11,134,1,3,4,0
1986,8,46,12,67,8,0.0,0.1,0,48,6,71,134,1,3,4,0
1986,8,79,9,2,65,0.3,0.1,2,48,1,69,135,1,1,4,1
1986,8,82,15,43,53,0.0,0.0,1,48,17,22,135,1,1,4,1
1986,8,53,11,66,33,0.5,0.0,2,48,55,36,135,1,1,4,1
1986,8,46,12,0,48,0.1,0.1,1,48,17,22,136,1,5,4,1
1986,8,79,10,42,5,0.2,0.1,2,48,32,5,136,1,5,4,1
1986,8,82,15,54,25,0.1,0.0,2,48,43,28,136,1,5,4,1
1986,8,141,10,51,36,0.1,0.0,2,48,39,39,137,1,6,4,1
1986,8,92,14,59,19,0.0,0.1,0,48,16,63,137,1,6,4,0
1986,8,110,14,77,79,0.1,0.1,1,48,17,22,137,1,6,4,1
1986,8,66,11,27,66,0.1,0.1,1,48,17,22,138,1,4,4,1
1986,8,109,9,38,2,0.1,0.1,1,48,17,22,138,1,4,4,1
1986,8,79,9,65,9,0.1,0.1,1,48,17,22,138,1,4,4,1
1986,8,46,12,8,0,0.1,0.0,2,48,6,0,139,1,0,4,1
1986,8,82,15,25,43,0.0,0.0,1,48,17,22,139,1,0,4,1
1986,8,53,11,33,11,0.2,0.0,2,48,26,11,139,1,0,4,1
1986,8,79,10,42,51,0.1,0.1,1,48,17,22,140,1,2,4,1
1986,8,46,12,48,67,0.1,0.2,0,48,56,52,140,1,2,4,0
1986,8,82,15,53,54,0.1,0.0,2,48,41,58,140,1,2,4,1
1986,8,92,14,20,77,0.5,0.1,2,48,16,81,141,1,3,4,1
1986,8,110,14,78,59,0.2,0.1,2,48,65,63,141,1,3,4,1
1986,8,141,10,36,5,0.1,0.2,0,48,4,39,141,1,3,4,0
1986,8,66,11,33,27,0.0,0.3,0,48,22,36,142,1,1,4,0
1986,8,53,11,66,11,0.2,0.0,2,48,55,11,142,1,1,4,1
1986,8,79,9,2,9,0.2,0.0,2,48,1,9,143,1,5,4,1
1986,8,109,9,65,37,0.2,0.3,0,48,28,69,143,1,5,4,0
1986,8,82,15,25,53,0.3,0.0,2,48,20,57,144,1,6,4,1
1986,8,79,10,42,36,0.1,0.0,2,48,32,39,144,1,6,4,1
1986,8,141,10,51,5,0.2,0.2,1,48,17,22,144,1,6,4,1
1986,8,46,15,54,43,0.1,0.3,0,48,33,58,144,1,6,4,0
1986,8,82,12,0,67,0.0,0.3,0,48,56,0,145,1,4,4,0
1986,8,46,12,48,8,0.0,0.3,0,48,6,52,145,1,4,4,0
1986,8,110,14,20,79,0.2,0.0,2,48,16,83,146,1,0,4,1
1986,8,92,14,59,77,0.0,0.0,1,48,17,22,146,1,0,4,1
1986,8,79,19,42,9,0.2,0.0,2,48,32,9,147,1,3,4,1
1986,8,66,19,66,5,0.3,0.4,0,5,4,70,147,1,3,4,0
1986,8,109,19,2,77,0.1,0.0,2,48,1,81,148,1,1,4,1
1986,8,46,19,8,53,0.4,0.0,2,48,6,57,148,1,1,4,1
1986,8,79,19,38,27,0.0,0.2,0,48,22,41,149,1,5,4,0
1986,8,82,19,43,79,0.0,0.1,0,48,65,47,149,1,5,4,0
1986,8,110,19,20,67,0.1,0.5,0,48,56,21,150,1,6,4,0
1986,8,79,19,25,51,0.3,0.0,2,48,20,55,150,1,6,4,1
1986,8,46,18,8,27,0.1,0.1,0,20,22,8,151,1,2,4,0
1986,8,82,18,42,79,0.0,0.0,0,44,65,46,151,1,2,4,0
1986,8,79,18,2,25,0.2,0.1,2,48,1,28,152,1,3,4,1
1986,8,109,18,67,5,0.1,0.1,0,6,4,71,152,1,3,4,0
1986,8,79,20,2,5,0.2,0.0,2,48,1,5,153,1,6,4,1
1986,8,46,20,27,79,0.0,0.2,0,48,65,30,153,1,6,4,0
1986,8,109,21,27,5,0.4,0.2,2,19,22,5,154,1,2,4,1
1986,8,79,1,2,79,0.3,0.2,2,48,1,83,155,1,3,4,1
1990,6,81,10,2,10,0.0,0.1,0,48,8,2,156,1,0,5,0
1990,6,116,9,38,4,0.1,0.0,2,48,28,4,157,1,2,5,1
1990,6,4,10,66,56,0.0,0.2,0,48,45,70,157,1,2,5,0
1990,6,12,12,75,14,0.0,0.2,0,48,10,79,157,1,2,5,0
1990,6,144,11,8,68,0.2,0.1,2,48,6,72,158,1,3,5,1
1990,6,81,12,78,80,0.4,0.1,2,48,65,84,158,1,3,5,1
1990,6,36,9,76,18,0.1,0.5,0,48,15,80,158,1,3,5,0
1990,6,43,11,15,59,0.1,0.0,2,48,11,63,159,1,1,5,1
1990,6,18,15,25,55,0.1,0.1,1,48,17,22,159,1,1,5,1
1990,6,150,14,5,65,0.2,0.0,2,48,4,69,160,1,5,5,1
1990,6,100,15,44,23,0.1,0.1,1,48,17,22,160,1,5,5,1
1990,6,89,10,2,66,0.2,0.0,2,48,1,70,161,1,6,5,1
1990,6,146,14,77,67,0.0,0.0,1,48,17,22,161,1,6,5,1
1990,6,4,10,10,56,0.2,0.1,2,48,8,60,162,1,4,5,1
1990,6,116,9,38,76,0.1,0.0,2,48,28,80,162,1,4,5,1
1990,6,12,12,79,14,0.1,0.0,2,48,66,14,162,1,4,5,1
1990,6,36,9,4,18,0.0,0.1,0,48,15,4,163,1,0,5,0
1990,6,81,12,78,75,0.5,0.1,2,48,65,79,163,1,0,5,1
1990,6,144,11,8,15,0.1,0.0,2,48,6,16,164,1,2,5,1
1990,6,18,15,25,44,0.0,0.0,1,48,17,22,164,1,2,5,1
1990,6,43,11,68,59,0.1,0.2,0,48,48,72,164,1,2,5,0
1990,6,150,14,5,77,0.3,0.1,2,48,4,81,165,1,3,5,1
1990,6,100,15,55,23,0.0,0.0,1,48,17,22,165,1,3,5,1
1990,6,146,14,65,67,0.1,0.3,0,48,56,69,165,1,3,5,0
1990,6,89,10,2,56,0.1,0.1,1,48,17,22,166,1,1,5,1
1990,6,4,10,10,66,0.0,0.4,0,48,55,10,166,1,1,5,0
1990,6,36,9,4,76,0.2,0.1,2,48,3,80,167,1,5,5,1
1990,6,81,12,78,14,0.1,0.1,1,48,17,22,167,1,5,5,1
1990,6,116,9,38,18,0.2,0.0,2,48,28,20,167,1,5,5,1
1990,6,12,12,79,75,0.4,0.1,2,48,66,79,167,1,5,5,1
1990,6,144,11,8,59,0.1,0.0,2,48,6,63,168,1,6,5,1
1990,6,43,11,68,15,0.1,0.2,0,48,11,72,168,1,6,5,0
1990,6,150,14,5,67,0.1,0.2,0,48,56,5,169,1,4,5,0
1990,6,18,15,25,23,0.1,0.0,2,48,20,26,169,1,4,5,1
1990,6,100,15,55,44,0.1,0.1,1,48,17,22,169,1,4,5,1
1990,6,146,14,65,77,0.0,0.1,0,48,63,69,169,1,4,5,0
1990,6,89,19,10,14,0.2,0.1,2,11,8,14,170,1,2,5,1
1990,6,4,19,19,15,0.4,0.1,2,48,15,16,170,1,2,5,1
1990,6,144,19,8,2,0.0,0.1,0,48,1,8,171,1,3,5,0
1990,6,81,19,78,44,0.2,0.1,2,48,65,48,171,1,3,5,1
1990,6,43,19,55,56,0.0,0.0,2,31,44,60,172,1,1,5,1
1990,6,116,19,38,77,0.2,0.0,2,48,28,81,172,1,1,5,1
1990,6,12,19,25,5,0.1,0.0,2,17,20,5,173,1,5,5,1
1990,6,150,19,67,80,0.1,0.2,0,47,66,71,173,1,5,5,0
1990,6,116,18,38,55,0.1,0.0,2,48,28,59,174,1,2,5,1
1990,6,36,18,79,2,0.0,0.0,0,1,1,84,174,1,2,5,0
1990,6,89,18,10,25,0.2,0.3,0,17,20,10,175,0,3,5,0
1990,6,81,18,78,18,0.1,0.0,2,48,65,20,175,0,3,5,1
1990,6,89,20,38,2,0.1,0.1,0,3,1,41,176,0,5,5,0
1990,6,144,20,78,25,0.1,0.1,2,45,65,28,177,0,6,5,1
1990,6,4,21,38,25,0.2,0.1,2,48,28,28,178,0,2,5,1
1990,6,116,1,78,2,0.1,0.0,2,48,65,2,179,0,3,5,1
1994,15,20,11,28,6,0.1,0.0,2,48,23,6,180,1,0,5,1
1994,15,28,11,67,65,0.2,0.2,1,48,17,22,180,1,0,5,1
1994,15,103,9,14,56,0.1,0.3,0,48,45,14,181,1,2,5,0
1994,15,32,14,38,55,0.0,0.1,0,48,44,41,181,1,2,5,0
1994,15,105,9,76,69,0.1,0.1,1,48,17,22,181,1,2,5,1
1994,15,97,15,5,43,0.1,0.0,2,48,4,47,182,1,3,5,1
1994,15,103,10,10,68,0.2,0.2,1,48,17,22,182,1,3,5,1
1994,15,155,14,49,42,0.1,0.0,2,48,38,46,182,1,3,5,1
1994,15,101,10,8,57,0.2,0.0,2,48,6,61,183,1,1,5,1
1994,15,155,15,44,58,0.2,0.1,2,48,34,62,183,1,1,5,1
1994,15,38,12,2,30,0.4,0.0,2,48,1,33,184,1,5,5,1
1994,15,20,11,28,67,0.1,0.1,1,48,17,22,184,1,5,5,1
1994,15,28,12,46,9,0.3,0.0,2,48,35,9,184,1,5,5,1
1994,15,105,9,56,69,0.1,0.4,0,48,58,60,185,1,6,5,0
1994,15,103,0,76,14,0.2,0.1,2,48,62,14,185,1,6,5,1
1994,15,32,14,38,49,0.1,0.0,2,48,28,53,186,1,4,5,1
1994,15,38,11,65,6,0.0,0.0,1,48,17,22,186,1,4,5,1
1994,15,101,10,8,10,0.3,0.0,2,48,6,10,187,1,0,5,1
1994,15,97,14,42,55,0.2,0.1,2,48,32,59,187,1,0,5,1
1994,15,105,10,68,57,0.3,0.1,2,48,57,61,187,1,0,5,1
1994,15,38,12,2,46,0.2,0.1,2,48,1,50,188,1,2,5,1
1994,15,97,15,5,44,0.1,0.0,2,48,4,48,188,1,2,5,1
1994,15,32,15,58,43,0.2,0.1,2,48,47,47,188,1,2,5,1
1994,15,20,12,9,30,0.4,0.0,2,48,7,33,189,1,3,5,1
1994,15,101,9,69,14,0.0,0.2,0,48,10,73,189,1,3,5,0
1994,15,103,9,76,56,0.0,0.1,0,48,45,80,189,1,3,5,0
1994,15,20,11,6,67,0.1,0.3,0,48,56,6,190,1,1,5,0
1994,15,28,11,28,65,0.3,0.2,2,48,23,69,190,1,1,5,1
1994,15,105,10,8,68,0.1,0.1,1,48,17,22,191,1,5,5,1
1994,15,32,14,55,49,0.0,0.0,1,48,17,22,191,1,5,5,1
1994,15,155,14,38,42,0.1,0.1,1,48,17,22,191,1,5,5,1
1994,15,101,10,57,10,0.5,0.1,2,48,46,10,191,1,5,5,1
1994,15,155,15,5,58,0.0,0.1,0,48,47,5,192,1,6,5,0
1994,15,97,15,43,44,0.1,0.2,0,48,34,47,192,1,6,5,0
1994,15,28,12,2,9,0.0,0.2,0,48,7,2,193,1,4,5,0
1994,15,38,12,30,46,0.0,0.2,0,48,35,33,193,1,4,5,0
1994,15,20,19,28,5,0.3,0.2,2,48,23,5,194,0,2,5,1
1994,15,155,19,67,69,0.3,0.0,2,48,56,73,194,0,2,5,1
1994,15,103,19,56,2,0.3,0.2,2,48,45,2,195,0,3,5,1
1994,15,28,19,58,68,0.1,0.3,0,48,57,62,195,0,3,5,0
1994,15,97,19,44,55,0.2,0.0,2,48,34,59,196,0,1,5,1
1994,15,101,19,76,8,0.0,0.1,0,48,6,80,196,0,1,5,0
1994,15,32,19,42,9,0.1,0.1,0,10,7,46,197,0,5,5,0
1994,15,38,19,46,37,0.1,0.2,0,25,28,50,197,0,5,5,0
1994,15,38,18,38,67,0.2,0.1,2,48,28,71,198,0,2,5,1
1994,15,28,18,44,8,0.2,0.3,0,48,6,48,198,0,2,5,0
1994,15,32,18,9,28,0.2,0.1,2,48,7,31,199,0,3,5,1
1994,15,101,18,56,68,0.2,0.2,0,38,57,60,199,0,3,5,0
1994,15,32,20,9,37,0.1,0.2,0,48,28,9,200,0,6,5,0
1994,15,103,20,68,8,0.0,0.1,0,48,6,72,200,0,6,5,0
1994,15,103,21,68,9,0.4,0.0,2,48,57,9,201,0,2,5,1
1994,15,103,1,8,37,0.0,0.0,2,8,6,41,202,0,3,5,1
1998,4,121,9,8,59,0.2,0.1,2,48,6,63,203,1,6,5,1
1998,4,84,9,43,49,0.2,0.2,1,48,17,22,203,1,6,5,1
1998,4,142,10,10,4,0.1,0.1,1,48,17,22,204,1,4,5,1
1998,4,13,10,38,12,0.2,0.2,1,48,17,22,204,1,4,5,1
1998,4,77,11,27,64,0.3,0.0,2,48,22,68,205,1,0,5,1
1998,4,84,12,51,9,0.0,0.0,1,48,17,22,205,1,0,5,1
1998,4,65,11,58,19,0.0,0.1,0,48,16,62,205,1,0,5,0
1998,4,71,14,65,42,0.1,0.3,0,48,32,69,206,1,2,5,0
1998,4,121,14,44,5,0.0,0.0,1,48,17,22,206,1,2,5,1
1998,4,88,12,67,46,0.2,0.3,0,48,35,71,206,1,2,5,0
1998,4,142,17,2,40,0.1,0.0,2,48,1,44,207,1,3,5,1
1998,4,65,17,40,16,0.1,0.3,0,48,12,43,207,1,3,5,0
1998,4,122,15,26,35,0.1,0.0,2,48,21,38,207,1,3,5,1
1998,4,77,16,25,72,0.2,0.0,2,48,20,76,208,1,1,5,1
1998,4,102,15,28,76,0.2,0.0,2,48,23,80,208,1,1,5,1
1998,4,71,16,56,14,0.1,0.0,2,48,45,14,208,1,1,5,1
1998,4,88,9,8,43,0.3,0.0,2,48,6,47,209,1,5,5,1
1998,4,13,9,59,49,0.1,0.1,1,48,17,22,209,1,5,5,1
1998,4,122,10,12,4,0.1,0.1,1,48,17,22,210,1,6,5,1
1998,4,84,10,38,10,0.3,0.0,2,48,28,10,210,1,6,5,1
1998,4,121,11,27,58,0.4,0.0,2,48,22,62,211,1,4,5,1
1998,4,142,11,64,19,0.1,0.1,1,48,17,22,211,1,4,5,1
1998,4,102,12,46,9,0.1,0.0,2,48,35,9,212,1,0,5,1
1998,4,122,12,67,51,0.0,0.0,1,48,17,22,212,1,0,5,1
1998,4,13,14,5,42,0.2,0.2,1,48,17,22,213,1,2,5,1
1998,4,88,17,41,16,0.0,0.1,0,48,12,44,213,1,2,5,0
1998,4,77,14,44,65,0.5,0.0,2,48,34,69,213,1,2,5,1
1998,4,102,17,2,39,0.5,0.0,2,48,1,43,214,1,3,5,1
1998,4,65,15,28,26,0.2,0.2,1,48,17,22,214,1,3,5,1
1998,4,71,15,76,35,0.1,0.2,0,48,27,80,214,1,3,5,0
1998,4,84,16,14,72,0.1,0.0,2,48,10,76,215,1,1,5,1
1998,4,142,16,56,25,0.2,0.1,2,48,45,28,215,1,1,5,1
1998,4,77,9,8,49,0.1,0.2,0,48,38,8,216,1,5,5,0
1998,4,88,10,12,10,0.1,0.1,1,48,17,22,216,1,5,5,1
1998,4,121,10,38,4,0.2,0.1,2,48,28,4,216,1,5,5,1
1998,4,122,9,59,43,0.0,0.3,0,48,33,63,216,1,5,5,0
1998,4,71,11,27,19,0.2,0.1,2,48,22,21,217,1,6,5,1
1998,4,142,12,46,51,0.1,0.3,0,48,39,50,217,1,6,5,0
1998,4,13,11,64,58,0.2,0.2,1,48,17,22,217,1,6,5,1
1998,4,65,12,67,9,0.5,0.1,2,48,56,9,217,1,6,5,1
1998,4,102,14,5,65,0.1,0.1,1,48,17,22,218,1,4,5,1
1998,4,84,15,28,35,0.2,0.0,2,48,23,38,218,1,4,5,1
1998,4,122,14,44,42,0.2,0.2,1,48,17,22,218,1,4,5,1
1998,4,88,15,76,61,0.0,0.1,0,48,50,80,218,1,4,5,0
1998,4,13,17,2,16,0.1,0.0,2,48,1,17,219,1,0,5,1
1998,4,65,16,14,25,0.0,0.2,0,48,20,14,219,1,0,5,0
1998,4,71,17,41,39,0.1,0.2,0,48,30,44,219,1,0,5,0
1998,4,121,16,56,72,0.1,0.1,1,48,17,22,219,1,0,5,1
1998,4,102,19,8,12,0.4,0.1,2,48,6,12,220,1,2,5,1
1998,4,77,19,38,49,0.1,0.0,2,48,28,53,220,1,2,5,1
1998,4,65,19,27,51,0.1,0.0,2,19,22,55,221,1,3,5,1
1998,4,121,19,46,19,0.1,0.4,0,48,16,50,221,1,3,5,0
1998,4,84,19,28,42,0.2,0.1,2,48,23,46,222,1,1,5,1
1998,4,142,19,44,26,0.2,0.1,2,48,34,29,222,1,1,5,1
1998,4,122,19,2,25,0.2,0.2,2,3,1,28,223,1,5,5,1
1998,4,13,19,56,16,0.0,0.1,0,48,12,60,223,1,5,5,0
1998,4,88,18,8,19,0.3,0.2,2,48,6,21,224,0,0,5,1
1998,4,121,18,27,37,0.0,0.0,2,20,22,41,224,0,0,5,1
1998,4,71,18,28,16,0.0,0.3,0,48,12,31,225,0,2,5,0
1998,4,77,18,44,2,0.2,0.1,2,48,34,2,225,0,2,5,1
1998,4,77,20,8,44,0.1,0.1,2,9,6,48,226,0,5,5,1
1998,4,121,20,27,16,0.2,0.1,2,48,22,17,227,0,6,5,1
1998,4,102,21,44,16,0.1,0.2,0,48,12,48,228,0,2,5,0
1998,4,121,1,27,8,0.3,0.0,2,48,22,8,229,0,3,5,1
2002,11,131,9,27,60,0.0,0.1,0,48,49,30,230,2,0,6,0
2002,7,128,14,28,58,0.5,0.0,2,48,23,62,231,1,2,6,1
2002,7,93,14,55,10,0.1,0.1,1,48,17,22,231,1,2,6,1
2002,11,147,9,77,19,0.1,0.2,0,48,16,81,231,1,2,6,0
2002,7,58,15,2,46,0.1,0.0,2,48,1,50,232,1,3,6,1
2002,7,123,15,25,68,0.1,0.1,1,48,17,22,232,1,3,6,1
2002,11,17,10,51,64,0.2,0.2,1,48,17,22,232,1,3,6,1
2002,11,47,10,67,63,0.3,0.1,2,48,56,67,232,1,3,6,1
2002,11,147,11,8,73,0.2,0.1,2,48,6,77,233,1,1,6,1
2002,7,93,16,16,42,0.0,0.1,0,48,32,17,233,1,1,6,0
2002,7,128,16,38,22,0.2,0.0,2,48,28,25,233,1,1,6,1
2002,11,47,11,13,15,0.0,0.2,0,48,11,13,234,1,5,6,0
2002,7,123,17,41,5,0.2,0.2,1,48,17,22,234,1,5,6,1
2002,11,17,12,65,53,0.2,0.0,2,48,54,57,234,1,5,6,1
2002,7,58,14,28,55,0.1,0.1,1,48,17,22,235,1,6,6,1
2002,7,60,17,57,72,0.2,0.0,2,48,46,76,235,1,6,6,1
2002,11,139,12,76,54,0.3,0.2,2,48,62,58,235,1,6,6,1
2002,7,123,14,10,58,0.1,0.0,2,48,8,62,236,1,4,6,1
2002,11,26,9,20,60,0.1,0.1,1,48,17,22,236,1,4,6,1
2002,11,17,9,27,77,0.0,0.0,1,48,17,22,236,1,4,6,1
2002,7,128,15,2,25,0.0,0.1,0,48,20,2,237,1,0,6,0
2002,11,54,10,67,51,0.3,0.1,2,48,56,55,237,1,0,6,1
2002,7,60,15,68,46,0.2,0.1,2,48,57,50,237,1,0,6,1
2002,11,130,11,8,13,0.4,0.0,2,48,6,13,238,1,2,6,1
2002,7,58,16,38,16,0.1,0.2,0,48,12,41,238,1,2,6,0
2002,11,26,10,64,63,0.1,0.0,2,48,53,67,238,1,2,6,1
2002,11,52,11,15,73,0.1,0.1,1,48,17,22,239,1,3,6,1
2002,7,156,17,41,57,0.1,0.0,2,48,31,61,239,1,3,6,1
2002,7,114,16,42,22,0.2,0.1,2,48,32,25,239,1,3,6,1
2002,11,26,12,65,76,0.1,0.1,1,48,17,22,240,1,1,6,1
2002,11,54,12,54,53,0.4,0.0,2,48,43,57,240,1,1,6,1
2002,7,160,17,72,5,0.1,0.1,1,48,17,22,240,1,1,6,1
2002,7,40,14,10,28,0.0,0.2,0,48,23,10,241,1,5,6,0
2002,11,52,9,20,27,0.2,0.0,2,48,16,30,241,1,5,6,1
2002,7,156,14,58,55,0.0,0.3,0,48,44,62,241,1,5,6,0
2002,11,139,9,60,77,0.3,0.3,1,48,17,22,241,1,5,6,1
2002,7,98,15,46,25,0.0,0.0,1,48,17,22,242,1,6,6,1
2002,11,130,10,63,51,0.1,0.3,0,48,39,67,242,1,6,6,0
2002,11,27,10,64,67,0.2,0.3,0,48,56,68,242,1,6,6,0
2002,7,114,15,68,2,0.1,0.1,1,48,17,22,242,1,6,6,1
2002,11,139,11,15,8,0.2,0.5,0,48,6,16,243,1,4,6,0
2002,7,156,16,22,16,0.1,0.0,2,48,19,17,243,1,4,6,1
2002,7,160,16,42,37,0.1,0.1,1,48,17,22,243,1,4,6,1
2002,11,131,11,73,13,0.3,0.0,2,48,60,13,243,1,4,6,1
2002,7,40,17,5,57,0.3,0.2,2,48,4,61,244,1,0,6,1
2002,7,98,17,41,72,0.2,0.0,2,48,31,76,244,1,0,6,1
2002,11,52,12,65,54,0.1,0.0,2,48,54,58,244,1,0,6,1
2002,11,27,12,53,76,0.3,0.1,2,48,41,80,244,1,0,6,1
2002,7,93,19,20,25,0.0,0.3,0,48,20,21,245,1,2,6,0
2002,11,130,19,28,51,0.1,0.0,2,48,23,55,245,1,2,6,1
2002,11,139,19,67,55,0.1,0.1,2,37,56,59,246,1,3,6,1
2002,7,160,19,68,60,0.1,0.2,0,33,49,72,246,1,3,6,0
2002,7,60,19,8,5,0.2,0.0,2,48,6,5,247,1,1,6,1
2002,11,54,19,42,76,0.0,0.2,0,48,62,46,247,1,1,6,0
2002,7,114,19,41,73,0.0,0.1,0,48,60,44,248,1,5,6,0
2002,11,27,19,65,37,0.2,0.1,2,34,54,41,248,1,5,6,1
2002,7,40,18,25,8,0.1,0.2,0,48,6,28,249,1,0,6,0
2002,11,147,18,28,76,0.1,0.0,2,48,23,80,249,1,0,6,1
2002,11,47,18,65,67,0.0,0.0,2,35,54,71,250,1,2,6,1
2002,7,98,18,60,73,0.0,0.1,0,39,60,64,250,1,2,6,0
2002,11,131,20,65,28,0.0,0.1,0,48,23,69,251,1,5,6,0
2002,7,123,20,8,73,0.1,0.0,2,48,6,77,252,1,6,6,1
2002,11,26,21,65,73,0.2,0.3,0,48,60,69,253,1,2,6,0
2002,7,156,1,28,8,0.0,0.2,0,48,6,31,254,1,3,6,0
2006,5,86,9,28,15,0.4,0.2,2,48,23,16,255,1,0,6,1
2006,5,41,9,53,22,0.0,0.2,0,48,19,57,255,1,0,6,0
2006,5,49,11,2,38,0.2,0.1,2,48,1,42,256,1,2,6,1
2006,5,39,10,25,51,0.1,0.0,2,48,20,55,256,1,2,6,1
2006,5,29,10,71,68,0.0,0.0,1,48,17,22,256,1,2,6,1
2006,5,21,12,1,54,0.0,0.1,0,48,43,1,257,1,3,6,0
2006,5,96,12,42,35,0.3,0.1,2,48,32,38,257,1,3,6,1
2006,5,64,11,61,44,0.0,0.1,0,48,34,65,257,1,3,6,0
2006,5,56,15,3,40,0.3,0.1,2,48,2,44,258,1,1,6,1
2006,5,50,14,38,29,0.2,0.0,2,48,28,32,258,1,1,6,1
2006,5,41,14,76,17,0.0,0.3,0,48,14,80,258,1,1,6,0
2006,5,7,15,8,16,0.1,0.0,2,48,6,17,259,1,5,6,1
2006,5,137,16,27,69,0.0,0.0,1,48,17,22,259,1,5,6,1
2006,5,39,16,65,70,0.2,0.1,2,48,54,74,259,1,5,6,1
2006,5,29,9,28,53,0.1,0.0,2,48,23,57,260,1,6,6,1
2006,5,64,17,67,74,0.4,0.0,2,48,56,78,260,1,6,6,1
2006,5,86,17,72,58,0.2,0.2,1,48,17,22,260,1,6,6,1
2006,5,49,9,22,15,0.3,0.0,2,48,19,16,261,1,4,6,1
2006,5,96,10,25,71,0.2,0.0,2,48,20,75,261,1,4,6,1
2006,5,7,10,68,51,0.1,0.0,2,48,57,55,261,1,4,6,1
2006,5,41,11,2,61,0.5,0.0,2,48,1,65,262,1,0,6,1
2006,5,50,12,42,1,0.0,0.0,1,48,17,22,262,1,0,6,1
2006,5,137,11,44,38,0.2,0.1,2,48,34,42,262,1,0,6,1
2006,5,21,14,18,29,0.0,0.2,0,48,24,19,263,1,2,6,0
2006,5,56,14,38,76,0.1,0.1,1,48,17,22,263,1,2,6,1
2006,5,39,12,54,35,0.2,0.0,2,48,43,38,263,1,2,6,1
2006,5,86,15,8,3,0.2,0.0,2,48,6,3,264,1,3,6,1
2006,5,64,16,27,65,0.1,0.1,1,48,17,22,264,1,3,6,1
2006,5,96,15,41,16,0.0,0.0,1,48,17,22,264,1,3,6,1
2006,5,49,17,58,74,0.0,0.4,0,48,61,62,265,1,1,6,0
2006,5,137,17,67,72,0.3,0.1,2,48,56,76,265,1,1,6,1
2006,5,29,16,70,69,0.0,0.2,0,48,58,74,265,1,1,6,0
2006,5,50,9,15,53,0.1,0.2,0,48,41,16,266,1,5,6,0
2006,5,7,9,28,22,0.3,0.0,2,48,23,25,266,1,5,6,1
2006,5,56,10,51,71,0.2,0.0,2,48,39,75,266,1,5,6,1
2006,5,21,10,68,25,0.2,0.2,1,48,17,22,266,1,5,6,1
2006,5,64,12,35,1,0.1,0.1,1,48,17,22,267,1,6,6,1
2006,5,86,11,39,61,0.3,0.2,2,48,29,65,267,1,6,6,1
2006,5,39,11,44,2,0.0,0.0,1,48,17,22,267,1,6,6,1
2006,5,41,12,54,42,0.2,0.1,2,48,43,46,267,1,6,6,1
2006,5,137,15,16,3,0.2,0.2,1,48,17,22,268,1,4,6,1
2006,5,49,14,18,37,0.0,0.2,0,48,28,19,268,1,4,6,0
2006,5,96,14,29,76,0.2,0.1,2,48,24,80,268,1,4,6,1
2006,5,29,15,41,8,0.1,0.4,0,48,6,44,268,1,4,6,0
2006,5,56,17,58,67,0.0,0.1,0,48,56,62,269,1,0,6,0
2006,5,50,17,69,65,0.2,0.0,2,48,58,69,269,1,0,6,1
2006,5,21,16,70,27,0.0,0.2,0,48,22,74,269,1,0,6,0
2006,5,7,16,74,72,0.1,0.0,2,48,61,76,269,1,0,6,1
2006,5,64,19,2,42,0.2,0.1,2,0,1,46,270,1,2,6,1
2006,5,86,19,28,68,0.2,0.0,2,48,23,72,270,1,2,6,1
2006,5,137,19,25,22,0.1,0.0,2,48,20,25,271,1,3,6,1
2006,5,96,19,54,44,0.1,0.0,2,48,43,48,271,1,3,6,1
2006,5,56,19,38,3,0.1,0.0,2,48,28,3,272,1,1,6,1
2006,5,21,19,69,74,0.0,0.0,0,40,61,73,272,1,1,6,0
2006,5,29,19,8,29,0.3,0.0,2,48,6,32,273,1,5,6,1
2006,5,50,19,67,27,0.1,0.3,0,48,22,71,273,1,5,6,0
2006,5,7,18,28,2,0.1,0.1,2,22,23,2,274,1,0,6,1
2006,5,49,18,38,74,0.3,0.0,2,48,28,78,274,1,0,6,1
2006,5,39,18,8,27,0.0,0.1,0,48,22,8,275,0,2,6,0
2006,5,41,18,25,54,0.0,0.0,0,30,42,28,275,0,2,6,0
2006,5,29,20,28,37,0.0,0.2,0,25,28,31,276,0,5,6,0
2006,5,86,20,54,27,0.0,0.1,0,48,22,58,277,0,6,6,0
2006,5,137,21,28,54,0.3,0.1,2,48,23,58,278,0,2,6,1
2006,5,7,1,38,27,0.1,0.1,2,26,28,30,279,0,3,6,1
2010,10,55,9,64,42,0.1,0.1,1,48,17,22,280,1,0,7,1
2010,10,19,9,77,27,0.0,0.0,1,48,17,22,280,1,0,7,1
2010,10,55,10,2,46,0.1,0.0,2,48,1,50,281,1,2,7,1
2010,10,119,11,25,76,0.1,0.1,1,48,17,22,281,1,2,7,1
2010,10,106,10,65,30,0.2,0.0,2,48,54,33,281,1,2,7,1
2010,10,104,11,0,63,0.0,0.1,0,48,52,0,282,1,3,7,0
2010,10,30,12,28,3,0.4,0.0,2,48,23,3,282,1,3,7,1
2010,10,108,12,61,29,0.0,0.1,0,48,24,65,282,1,3,7,0
2010,10,19,15,38,51,0.1,0.1,1,48,17,22,283,1,1,7,1
2010,10,11,14,41,10,0.1,0.0,2,48,31,10,283,1,1,7,1
2010,10,55,14,44,19,0.2,0.0,2,48,34,21,283,1,1,7,1
2010,10,55,16,8,47,0.2,0.1,2,48,6,51,284,1,5,7,1
2010,10,106,16,39,54,0.0,0.0,1,48,17,22,284,1,5,7,1
2010,10,119,15,45,62,0.1,0.1,1,48,17,22,284,1,5,7,1
2010,10,91,17,32,12,0.0,0.1,0,48,9,35,285,1,6,7,0
2010,10,108,9,64,77,0.0,0.3,0,48,63,68,285,1,6,7,0
2010,10,30,17,67,69,0.0,0.1,0,48,58,71,285,1,6,7,0
2010,10,55,10,2,65,0.4,0.1,2,48,1,69,286,1,4,7,1
2010,10,104,9,27,42,0.0,0.2,0,48,32,30,286,1,4,7,0
2010,10,11,10,30,46,0.2,0.1,2,48,25,50,286,1,4,7,1
2010,10,19,11,25,0,0.0,0.0,1,48,17,22,287,1,0,7,1
2010,10,106,12,28,61,0.0,0.1,0,48,50,31,287,1,0,7,0
2010,10,55,11,63,76,0.2,0.2,1,48,17,22,287,1,0,7,1
2010,10,108,14,10,19,0.1,0.2,0,48,16,10,288,1,2,7,0
2010,10,119,12,29,3,0.1,0.1,1,48,17,22,288,1,2,7,1
2010,10,30,14,44,40,0.1,0.0,2,48,34,44,288,1,2,7,1
2010,10,55,16,8,38,0.3,0.1,2,48,6,42,289,1,3,7,1
2010,10,91,15,38,45,0.1,0.1,1,48,17,22,289,1,3,7,1
2010,10,11,15,62,51,0.0,0.2,0,48,39,66,289,1,3,7,0
2010,10,106,17,12,69,0.1,0.0,2,48,9,73,290,1,1,7,1
2010,10,19,16,54,47,0.5,0.0,2,48,43,51,290,1,1,7,1
2010,10,55,17,67,32,0.2,0.0,2,48,56,35,290,1,1,7,1
2010,10,104,10,30,2,0.0,0.2,0,48,1,33,291,1,5,7,0
2010,10,119,9,42,77,0.0,0.1,0,48,63,46,291,1,5,7,0
2010,10,30,10,46,65,0.2,0.2,1,48,17,22,291,1,5,7,1
2010,10,11,9,64,27,0.2,0.1,2,48,53,30,291,1,5,7,1
2010,10,91,12,3,61,0.2,0.1,2,48,2,65,292,1,6,7,1
2010,10,55,12,29,28,0.0,0.1,0,48,23,32,292,1,6,7,0
2010,10,106,11,63,25,0.0,0.1,0,48,20,67,292,1,6,7,0
2010,10,108,11,76,0,0.1,0.0,2,48,62,0,292,1,6,7,1
2010,10,19,14,10,44,0.1,0.2,0,48,34,10,293,1,4,7,0
2010,10,119,14,20,40,0.1,0.3,0,48,31,21,293,1,4,7,0
2010,10,104,15,51,45,0.0,0.0,1,48,17,22,293,1,4,7,1
2010,10,55,15,62,37,0.3,0.2,2,48,51,41,293,1,4,7,1
2010,10,108,17,12,67,0.1,0.2,0,48,56,12,294,1,0,7,0
2010,10,91,16,47,38,0.0,0.3,0,48,29,51,294,1,0,7,0
2010,10,30,16,54,8,0.0,0.0,1,48,17,22,294,1,0,7,1
2010,10,11,17,69,32,0.0,0.0,1,48,17,22,294,1,0,7,1
2010,10,106,19,77,65,0.2,0.1,2,48,63,69,295,1,2,7,1
2010,10,119,19,76,29,0.1,0.2,0,23,24,80,295,1,2,7,0
2010,10,55,19,2,42,0.3,0.1,2,48,1,46,296,1,3,7,1
2010,10,11,19,28,25,0.4,0.1,2,48,23,28,296,1,3,7,1
2010,10,55,19,8,12,0.3,0.0,2,48,6,12,297,1,1,7,1
2010,10,30,19,44,62,0.2,0.1,2,48,34,66,297,1,1,7,1
2010,10,108,19,51,40,0.0,0.0,2,29,39,44,298,1,5,7,1
2010,10,19,19,67,54,0.1,0.0,2,48,56,58,298,1,5,7,1
2010,10,106,18,44,8,0.2,0.1,2,48,34,8,299,0,0,7,1
2010,10,55,18,77,29,0.1,0.1,2,42,63,32,299,0,0,7,1
2010,10,19,18,2,28,0.0,0.4,0,48,23,2,300,0,2,7,0
2010,10,55,18,51,67,0.0,0.1,0,48,56,55,300,0,2,7,0
2010,10,19,20,77,44,0.2,0.3,0,48,34,81,301,0,5,7,0
2010,10,30,20,28,67,0.0,0.1,0,48,56,31,302,0,6,7,0
2010,10,106,21,77,28,0.2,0.3,0,48,23,81,303,0,2,7,0
2010,10,55,1,44,67,0.0,0.1,0,36,56,48,304,0,3,7,0
2014,1,140,9,8,16,0.3,0.1,2,48,6,17,305,1,4,7,1
2014,1,23,10,12,3,0.3,0.1,2,48,9,3,306,1,0,7,1
2014,1,90,9,42,10,0.1,0.0,2,48,32,10,306,1,0,7,1
2014,1,124,10,67,44,0.1,0.5,0,48,34,71,306,1,0,7,0
2014,1,6,11,14,30,0.3,0.0,2,48,10,33,307,1,2,7,1
2014,1,74,12,25,37,0.1,0.2,0,48,28,28,307,1,2,7,0
2014,1,112,11,39,40,0.2,0.1,2,48,29,44,307,1,2,7,1
2014,1,37,12,77,15,0.1,0.3,0,48,11,81,307,1,2,7,0
2014,1,115,15,2,7,0.2,0.1,2,48,1,7,308,1,3,7,1
2014,1,107,14,27,32,0.3,0.0,2,48,22,35,308,1,3,7,1
2014,1,15,14,69,22,0.2,0.1,2,48,58,25,308,1,3,7,1
2014,1,124,16,28,54,0.4,0.0,2,48,23,58,309,1,1,7,1
2014,1,90,16,29,76,0.1,0.2,0,48,62,32,309,1,1,7,0
2014,1,24,15,35,46,0.0,0.0,1,48,17,22,309,1,1,7,1
2014,1,6,17,5,0,0.2,0.1,2,48,4,0,310,1,5,7,1
2014,1,37,9,8,42,0.0,0.0,1,48,17,22,310,1,5,7,1
2014,1,23,17,57,65,0.1,0.1,1,48,17,22,310,1,5,7,1
2014,1,24,10,3,44,0.2,0.3,0,48,34,3,311,1,6,7,0
2014,1,74,9,10,16,0.0,0.4,0,48,12,10,311,1,6,7,0
2014,1,115,10,67,12,0.0,0.2,0,48,9,71,311,1,6,7,0
2014,1,15,11,14,38,0.2,0.1,2,48,10,42,312,1,4,7,1
2014,1,90,11,41,30,0.0,0.0,1,48,17,22,312,1,4,7,1
2014,1,140,12,77,25,0.2,0.1,2,48,63,28,312,1,4,7,1
2014,1,24,14,32,22,0.1,0.2,0,48,19,35,313,1,0,7,0
2014,1,112,12,38,15,0.0,0.1,0,48,11,41,313,1,0,7,0
2014,1,124,14,69,27,0.2,0.5,0,48,22,73,313,1,0,7,0
2014,1,6,15,2,35,0.1,0.0,2,48,1,38,314,1,2,7,1
2014,1,37,16,28,29,0.2,0.2,1,48,17,22,314,1,2,7,1
2014,1,23,15,46,7,0.1,0.0,2,48,35,7,314,1,2,7,1
2014,1,115,17,5,57,0.1,0.0,2,48,4,61,315,1,3,7,1
2014,1,107,17,65,0,0.2,0.4,0,48,0,69,315,1,3,7,0
2014,1,74,16,76,54,0.2,0.2,1,48,17,22,315,1,3,7,1
2014,1,24,10,3,67,0.0,0.3,0,48,56,3,316,1,1,7,0
2014,1,15,9,8,10,0.4,0.1,2,48,6,10,316,1,1,7,1
2014,1,112,9,16,42,0.1,0.3,0,48,32,17,316,1,1,7,0
2014,1,140,10,44,12,0.2,0.0,2,48,34,12,316,1,1,7,1
2014,1,6,12,15,25,0.0,0.0,1,48,17,22,317,1,5,7,1
2014,1,37,11,30,38,0.2,0.1,2,48,25,42,317,1,5,7,1
2014,1,90,12,38,77,0.0,0.1,0,48,63,41,317,1,5,7,0
2014,1,23,11,41,14,0.1,0.4,0,48,10,44,317,1,5,7,0
2014,1,124,15,7,35,0.3,0.1,2,48,5,38,318,1,6,7,1
2014,1,115,14,22,27,0.0,0.0,1,48,17,22,318,1,6,7,1
2014,1,74,14,32,69,0.0,0.3,0,48,58,35,318,1,6,7,0
2014,1,107,15,46,2,0.2,0.3,0,48,1,50,318,1,6,7,0
2014,1,24,17,0,57,0.1,0.1,1,48,17,22,319,1,4,7,1
2014,1,140,17,65,5,0.0,0.1,0,48,4,69,319,1,4,7,0
2014,1,15,16,54,29,0.2,0.1,2,48,43,32,319,1,4,7,1
2014,1,112,16,76,28,0.0,0.1,0,48,23,80,319,1,4,7,0
2014,1,6,19,8,12,0.1,0.1,2,8,6,12,320,1,2,7,1
2014,1,115,19,14,77,0.2,0.0,2,48,10,81,320,1,2,7,1
2014,1,112,19,15,30,0.1,0.1,2,12,11,33,321,1,3,7,1
2014,1,37,19,44,42,0.2,0.1,2,48,34,46,321,1,3,7,1
2014,1,15,19,27,46,0.2,0.0,2,48,22,50,322,1,1,7,1
2014,1,107,19,28,0,0.2,0.1,2,21,23,0,322,1,1,7,1
2014,1,140,19,2,69,0.1,0.0,2,0,1,73,323,0,5,7,1
2014,1,124,19,5,76,0.2,0.1,2,5,4,80,323,0,5,7,1
2014,1,37,18,8,14,0.2,0.1,2,48,6,14,324,0,0,7,1
2014,1,115,18,27,28,0.0,0.1,0,48,23,30,324,0,0,7,0
2014,1,15,18,2,5,0.1,0.0,2,48,1,5,325,0,2,7,1
2014,1,124,18,44,15,0.0,0.0,2,27,34,16,325,0,2,7,1
2014,1,6,20,8,28,0.1,0.5,0,48,23,8,326,0,5,7,0
2014,1,140,20,44,2,0.0,0.0,0,2,1,48,327,0,6,7,0
2014,1,15,21,8,44,0.0,0.3,0,48,34,8,328,0,2,7,0
2014,1,115,1,28,2,0.1,0.0,2,21,23,2,329,0,3,7,1
2018,9,85,9,57,58,0.5,0.0,2,48,46,62,330,1,4,7,1
2018,9,33,9,23,77,0.0,0.1,0,48,63,26,331,1,0,7,0
2018,9,120,10,43,35,0.0,0.1,0,48,27,47,331,1,0,7,0
2018,9,134,10,54,67,0.3,0.3,1,48,17,22,331,1,0,7,1
2018,9,59,11,27,3,0.2,0.1,2,48,22,3,332,1,2,7,1
2018,9,85,12,2,34,0.1,0.1,1,48,17,22,332,1,2,7,1
2018,9,129,11,52,19,0.0,0.1,0,48,16,56,332,1,2,7,0
2018,9,57,12,16,46,0.2,0.0,2,48,12,50,332,1,2,7,1
2018,9,125,14,15,61,0.0,0.1,0,48,50,16,333,1,3,7,0
2018,9,85,15,28,42,0.0,0.1,0,48,32,31,333,1,3,7,0
2018,9,118,14,8,69,0.1,0.1,1,48,17,22,333,1,3,7,1
2018,9,94,15,68,65,0.1,0.0,2,48,57,69,334,1,1,7,1
2018,9,134,16,5,50,0.3,0.0,2,48,4,54,334,1,1,7,1
2018,9,153,16,72,25,0.1,0.2,0,48,20,76,334,1,1,7,0
2018,9,129,17,14,40,0.1,0.2,0,48,31,14,335,1,5,7,0
2018,9,85,17,53,60,0.1,0.2,0,48,49,57,335,1,5,7,0
2018,9,120,9,57,23,0.3,0.1,2,48,46,26,335,1,5,7,1
2018,9,85,10,54,43,0.1,0.0,2,48,43,47,336,1,6,7,1
2018,9,118,9,77,58,0.1,0.0,2,48,63,62,336,1,6,7,1
2018,9,59,10,35,67,0.0,0.1,0,48,56,38,336,1,6,7,0
2018,9,125,11,20,3,0.1,0.1,1,48,17,22,337,1,4,7,1
2018,9,33,11,27,52,0.1,0.0,2,48,22,56,337,1,4,7,1
2018,9,94,12,2,16,0.0,0.3,0,48,12,2,337,1,4,7,0
2018,9,120,14,8,15,0.2,0.0,2,48,6,16,338,1,0,7,1
2018,9,153,12,46,34,0.2,0.0,2,48,35,37,338,1,0,7,1
2018,9,57,14,61,69,0.1,0.2,0,48,58,65,338,1,0,7,0
2018,9,85,16,5,72,0.5,0.2,2,48,4,76,339,1,2,7,1
2018,9,118,15,65,42,0.1,0.2,0,48,32,69,339,1,2,7,0
2018,9,134,15,28,68,0.2,0.1,2,48,23,72,339,1,2,7,1
2018,9,94,16,25,50,0.5,0.1,2,48,20,54,340,1,3,7,1
2018,9,33,17,41,60,0.2,0.2,1,48,17,22,340,1,3,7,1
2018,9,59,17,53,14,0.0,0.3,0,48,10,57,340,1,3,7,0
2018,9,125,9,57,77,0.0,0.3,0,48,63,61,341,1,1,7,0
2018,9,153,9,58,23,0.2,0.1,2,48,47,26,341,1,1,7,1
2018,9,57,10,67,43,0.2,0.2,1,48,17,22,341,1,1,7,1
2018,9,129,10,35,54,0.1,0.1,1,48,17,22,341,1,1,7,1
2018,9,134,11,3,52,0.0,0.2,0,48,40,3,342,1,5,7,0
2018,9,85,11,20,27,0.0,0.0,1,48,17,22,342,1,5,7,1
2018,9,120,12,46,2,0.1,0.2,0,48,1,50,342,1,5,7,0
2018,9,118,13,34,16,0.1,0.2,0,48,12,37,342,1,5,7,0
2018,9,59,15,65,28,0.2,0.0,2,48,54,31,343,1,6,7,1
2018,9,33,15,42,68,0.0,0.3,0,48,57,46,343,1,6,7,0
2018,9,85,14,61,8,0.0,0.2,0,48,6,65,343,1,6,7,0
2018,9,94,14,69,15,0.2,0.2,1,48,17,22,343,1,6,7,1
2018,9,153,17,41,53,0.0,0.1,0,48,41,44,344,1,4,7,0
2018,9,125,17,60,14,0.0,0.1,0,48,10,64,344,1,4,7,0
2018,9,129,16,50,72,0.1,0.2,0,48,59,54,344,1,4,7,0
2018,9,57,16,25,5,0.0,0.1,0,48,4,28,344,1,4,7,0
2018,9,59,19,27,2,0.4,0.3,2,48,22,2,345,1,2,7,1
2018,9,134,19,77,54,0.2,0.1,2,48,63,58,345,1,2,7,1
2018,9,85,19,57,67,0.1,0.1,2,32,46,71,346,0,3,7,1
2018,9,94,19,16,19,0.1,0.1,2,14,12,21,346,0,3,7,1
2018,9,125,19,8,42,0.2,0.0,2,48,6,46,347,0,1,7,1
2018,9,118,19,5,40,0.3,0.2,2,48,4,44,347,0,1,7,1
2018,9,120,19,68,69,0.1,0.0,2,48,57,73,348,0,5,7,1
2018,9,85,19,14,25,0.1,0.1,0,18,20,15,348,0,5,7,0
2018,9,94,18,77,27,0.0,0.2,0,48,22,81,349,0,0,7,0
2018,9,59,18,8,5,0.1,0.2,0,48,4,8,349,0,0,7,0
2018,9,125,18,68,25,0.0,0.2,0,48,20,72,350,0,2,7,0
2018,9,134,18,57,16,0.2,0.2,0,15,12,61,350,0,2,7,0
2018,9,120,20,27,5,0.1,0.0,2,48,22,5,351,0,5,7,1
2018,9,85,20,16,25,0.2,0.1,2,13,12,28,352,0,6,7,1
2018,9,120,21,5,25,0.2,0.0,2,48,4,28,353,0,2,7,1
2018,9,85,1,27,16,0.4,0.2,2,48,22,17,354,0,3,7,1
2014,1,113,14,22,33,0.03860867890089095,0.17721735780178188,0,48,26,24,320,0,0,7,0
1962,2,2,3,14,77,0.08578611721652825,0.2426416483504153,0,48,63,14,54,1,5,2,0
1991,8,151,14,5,64,0.07338522740418728,0.17338522740418727,0,48,53,5,175,1,4,5,0
1988,9,106,15,67,7,0.07283719135494446,0.12716280864505555,0,17,5,71,162,1,3,4,0
1950,1,107,3,41,79,0.09960204552856443,0.3988061365856933,0,48,65,45,28,0,5,1,0
1951,1,141,2,64,75,0.17302537028943188,0.27302537028943186,0,48,62,68,36,0,3,1,0
1994,15,22,12,6,61,0.1,0.28036818638469135,0,48,50,6,191,0,1,5,0
2013,2,29,13,31,23,0.0832215798475896,0.1832215798475896,0,48,19,34,309,1,1,7,0
1933,8,52,15,8,70,0.1,0.2767363278991283,0,48,58,8,10,1,2,0,0
1966,3,73,12,42,50,0.1550295044020708,0.30670600586942776,0,48,39,46,70,0,3,2,0
1951,1,138,3,68,77,0.18057829433595035,0.28057829433595033,0,48,63,73,35,0,3,1,0
2010,10,106,12,65,25,0.03471889849029437,0.13471889849029436,0,48,20,69,293,0,5,7,0
2006,5,49,11,16,45,0.050983234681021165,0.2,0,48,34,17,266,1,4,6,0
1962,2,113,6,9,33,0.09225378147069335,0.47676134441208,0,48,26,9,57,0,3,2,0
1960,10,73,3,3,72,0.07369837009637842,0.3,0,48,59,3,51,0,2,1,0
2006,5,40,16,64,68,0.0,0.1570775514243305,0,48,57,68,266,1,0,6,0
2010,10,108,9,62,77,0.0,0.28619768766838144,0,48,63,66,285,1,5,7,0
1951,12,8,6,16,75,0.02671475906573295,0.2133573795328665,0,48,62,17,32,1,5,0,0
1949,10,3,18,22,74,0.13926794321855668,0.4303660283907217,0,48,61,24,34,1,2,0,0
1964,9,135,4,68,27,0.11538590319677089,0.33077180639354176,0,48,20,72,70,1,4,1,0
2014,1,115,14,73,32,0.028169576324518955,0.21267830529807583,0,48,26,77,315,1,2,7,0
1991,8,93,15,11,34,0.16808779849775174,0.3,0,26,27,11,176,0,2,5,0
1966,3,73,5,9,35,0.11190022644730262,0.3,0,48,27,9,70,0,5,2,0
2006,5,33,16,11,27,0.0,0.13095996354569606,0,48,22,11,271,0,2,6,0
1968,6,77,3,26,62,0.029456071385401683,0.2294560713854017,0,48,51,29,76,0,6,2,0
1966,3,67,5,8,53,0.10913118202800497,0.3,0,48,42,8,69,0,5,2,0
1998,4,75,9,8,46,0.08985265458985253,0.2,0,48,36,8,216,1,4,5,0
2002,7,156,15,60,56,0.02440684571908272,0.2755931542809173,0,44,45,64,242,1,4,6,0
1982,11,93,5,11,8,0.0,0.1,0,48,6,11,118,1,3,4,0
2018,9,80,16,54,61,0.1,0.2,0,48,50,58,335,1,4,7,0
1998,4,71,18,28,16,0.001122135623624454,0.29887786437637553,0,48,12,31,225,0,2,5,0
1979,3,19,9,39,48,0.07350465210537971,0.34700930421075943,0,48,36,43,111,0,3,3,0
1986,8,126,9,49,19,0.14567603202754406,0.24567603202754407,0,48,14,52,141,1,3,4,0
2003,9,54,18,47,73,0.0,0.1672453673312372,0,48,60,51,254,1,0,6,0
1947,9,13,18,15,34,0.1587237064108053,0.3587237064108053,0,48,26,17,33,1,3,0,0
2006,5,51,18,66,28,0.090946501916707,0.281893003833414,0,48,23,70,271,1,4,6,0
1943,2,3,11,20,71,0.0,0.3168624734318079,0,48,59,22,25,1,3,0,0
2011,7,102,16,17,69,0.1,0.2,0,48,57,18,298,1,0,7,0
1978,0,117,4,42,61,0.1,0.3,0,48,49,46,102,1,1,3,0
2016,6,117,10,41,28,0.0,0.1,0,48,22,45,325,1,0,7,0
2018,9,60,16,23,7,0.013943619375225813,0.1,0,43,6,26,344,0,4,7,0
2010,10,106,12,27,60,0.002465689610865268,0.10493137922173054,0,48,49,30,287,1,0,7,0
2006,5,37,18,25,49,0.0,0.05642765879524743,0,28,38,28,275,0,2,6,0
1997,5,14,18,54,14,0.026300429961541943,0.12630042996154195,0,48,11,58,219,0,4,5,0
1973,5,84,5,29,55,0.0,0.4516428172531786,0,48,43,32,89,1,6,3,0
1963,2,146,5,40,66,0.0,0.1,0,48,55,44,61,0,2,2,0
2013,1,90,16,28,75,0.1,0.2,0,48,61,31,308,1,0,7,0
1959,11,135,7,33,75,0.1,0.2,0,48,62,36,52,0,4,1,0
1971,6,73,6,38,52,0.0,0.37503393100044696,0,48,40,42,83,1,3,3,0
1972,6,58,11,79,21,0.1390713906780397,0.3463571302260132,0,37,16,84,88,1,3,3,0
1994,15,32,19,10,37,0.09223372429491908,0.2,0,48,28,10,199,0,5,5,0
2011,6,63,10,20,22,0.0,0.22831475441426557,0,48,18,22,300,1,6,7,0
2010,10,104,11,2,62,0.0,0.1,0,48,51,3,282,1,2,7,0
1998,4,83,17,41,21,0.024238325797857497,0.1242383257978575,0,48,16,44,214,1,1,5,0
2016,6,118,12,37,32,0.0,0.1,0,48,25,41,328,0,0,7,0
1971,4,82,16,8,53,0.0,0.15897313557946452,0,48,41,8,88,0,2,2,0
1966,3,138,18,34,61,0.1,0.2282863766990592,0,48,51,37,72,0,2,2,0
1973,5,30,5,9,42,0.09168604455628453,0.3750581336688536,0,48,32,9,92,1,3,3,0
2001,6,95,17,63,70,0.0,0.1,0,40,57,67,243,1,2,5,0
1994,12,37,16,47,10,0.1501067895994952,0.25010678959949517,0,48,8,51,199,0,1,5,0
2014,1,74,9,12,19,0.014393650661763803,0.37121269867647244,0,48,14,12,310,1,5,7,0
1990,6,99,18,9,20,0.1613297727879271,0.2613297727879271,0,22,16,9,174,0,3,5,0
2011,7,106,9,23,42,0.03302048971846669,0.23302048971846667,0,48,32,25,295,1,3,7,0
2018,9,52,11,36,67,0.0,0.14844690919888306,0,48,56,39,337,1,6,7,0
1960,1,128,16,77,78,0.008730675984797532,0.11746135196959506,0,48,65,81,57,0,3,1,0
2018,9,73,18,11,15,0.1,0.14539845578881375,0,31,12,11,348,0,2,7,0
1982,11,44,5,76,1,0.08507790675253542,0.18507790675253544,0,48,0,81,116,1,5,4,0
1995,11,97,17,62,65,0.13847992237747644,0.16923996118873824,0,41,54,66,204,0,3,5,0
1982,12,99,4,11,4,0.0,0.10109728536933421,0,48,3,11,115,1,3,4,0
1966,3,71,5,8,54,0.043825124506980506,0.3,0,48,43,8,68,0,3,2,0
1986,8,92,18,34,74,0.03589041428479428,0.1794520714239714,0,45,61,37,150,1,3,4,0
1989,6,37,10,4,19,0.01827531866340878,0.1,0,42,16,4,160,1,0,4,0
1970,8,73,4,6,59,0.14540267783533484,0.35459732216466516,0,48,48,6,78,1,3,3,0
2005,5,23,12,1,51,0.0,0.11110832571760194,0,48,40,1,255,1,3,6,0
2001,6,89,14,14,43,0.020447760519944486,0.12044776051994449,0,48,33,15,229,1,1,5,0
2015,4,118,11,15,51,0.05116328112056173,0.20232656224112344,0,48,40,16,324,1,1,7,0
2011,5,64,12,27,32,0.04944830873690074,0.14944830873690074,0,48,25,30,299,1,4,7,0
1950,1,114,4,11,25,0.004642896572239242,0.20464289657223925,0,48,20,11,28,1,2,1,0
1966,3,73,12,47,59,0.1611845654596629,0.4074563769731086,0,48,48,51,68,0,3,2,0
1963,6,69,4,11,52,0.1,0.26697213774666295,0,41,41,11,62,0,5,1,0
1976,1,79,4,32,42,0.06263873889837655,0.37472252220324687,0,48,32,35,97,1,5,3,0
1978,0,18,9,26,44,0.1,0.2975560438631644,0,48,34,28,107,1,6,3,0
1982,12,99,4,9,4,0.0,0.11871935104747425,0,48,3,9,115,1,3,4,0
1988,6,68,12,4,16,0.03616091143835615,0.1,0,37,13,4,154,1,0,4,0
2009,9,106,12,60,28,0.0,0.1,0,48,23,64,281,0,3,6,0
1995,11,94,9,12,53,0.1,0.26769681501543335,0,48,42,12,192,1,2,5,0
2018,9,123,17,67,28,0.022017382709337202,0.2,0,48,22,71,347,0,2,7,0
2014,1,116,15,73,27,0.0808038390438808,0.2616076780877616,0,48,22,77,316,1,2,7,0
2014,1,139,19,44,2,0.01202865378111917,0.01202865378111917,0,2,1,48,328,0,5,7,0
1994,15,26,12,24,60,0.04315908493234616,0.1863181698646923,0,48,49,25,184,1,1,5,0
1940,3,1,15,18,69,0.0,0.4297549667965589,0,48,57,19,23,1,3,0,0
1997,5,73,16,41,39,0.1,0.2,0,48,30,44,216,1,0,5,0
1970,7,46,5,18,24,0.0009252692696270937,0.1009252692696271,0,48,19,19,82,1,3,3,0
1969,7,48,5,17,26,0.012554305499015886,0.12510861099803178,0,48,20,18,80,0,3,2,0
2006,5,25,17,69,71,0.0,0.10108947748547115,0,44,59,73,268,1,1,6,0
1979,5,10,7,3,22,0.0,0.1,0,48,17,3,108,1,3,3,0
1998,5,62,15,13,23,0.0,0.2,0,48,18,13,221,1,0,5,0
1999,5,79,18,24,19,0.0,0.3,0,48,15,27,232,0,2,5,0
1986,8,56,19,31,79,0.0,0.14064899544579648,0,46,65,34,152,1,4,4,0
1946,10,77,11,12,35,0.13943939686101584,0.4,0,48,27,13,28,1,3,0,0
2006,5,38,17,23,37,0.0,0.2,0,35,28,25,272,0,4,6,0
1951,3,113,3,39,79,0.1,0.35350399965714097,0,48,65,43,32,1,5,1,0
1986,8,82,18,42,79,0.0,0.011871153569331307,0,44,65,46,150,1,2,4,0
1964,2,143,5,14,38,0.039841395448083176,0.23984139544808317,0,48,29,15,63,0,5,2,0
1998,4,88,11,66,45,0.1978690073655116,0.3,0,48,34,70,206,1,2,5,0
1977,0,25,8,4,44,0.1,0.4963887902205164,0,48,34,4,105,1,5,3,0
1966,3,138,12,22,66,0.1,0.2,0,48,55,24,70,0,3,2,0
1994,15,28,18,43,8,0.175820960351302,0.25164192070260405,0,38,6,47,197,0,2,5,0
1970,7,41,5,16,53,0.1,0.2473340496955637,0,48,42,17,82,1,2,3,0
1970,8,73,9,13,71,0.14122114898437918,0.35877885101562085,0,45,59,14,80,1,2,3,0
2018,9,82,13,3,12,0.033170113442061055,0.26682988655793893,0,48,9,3,340,0,2,7,0
1950,1,115,3,24,67,0.0025644557138460814,0.10256445571384609,0,48,56,27,31,0,3,1,0
1980,7,11,6,2,20,0.04011469858859771,0.26045879435439084,0,48,16,2,108,1,4,3,0
2012,4,96,14,28,69,0.05852645623720121,0.1585264562372012,0,48,57,31,299,1,0,7,0
1973,9,77,15,66,77,0.026202392690344994,0.126202392690345,0,42,63,70,94,0,2,3,0
2017,7,131,12,6,48,0.0,0.18522014523807334,0,48,37,6,339,0,4,7,0
2006,5,33,19,26,43,0.0,0.12467373421346453,0,26,33,29,275,0,3,6,0
1956,1,112,5,19,29,0.05771473360844226,0.2,0,48,23,21,43,1,3,1,0
1993,14,28,11,2,9,0.0,0.19486652228968038,0,48,7,2,191,1,3,5,0
1970,8,97,3,32,72,0.0,0.2,0,48,59,35,78,1,5,3,0
1959,10,140,9,6,8,0.050975790357297324,0.3254878951786486,0,48,6,6,49,1,3,1,0
1986,8,58,12,40,32,0.03712651373754852,0.3,0,48,26,44,142,1,2,4,0
1990,6,148,16,66,74,0.1,0.2457144183664629,0,47,61,70,169,1,4,5,0
2011,6,99,13,28,67,0.04250323604791781,0.14250323604791781,0,48,55,31,296,1,0,7,0
1992,12,153,14,5,60,0.033257981375286,0.133257981375286,0,48,49,5,184,1,5,5,0
1959,9,145,4,22,79,0.1375134187118302,0.2687567093559151,0,48,65,24,49,1,6,1,0
1949,14,72,5,5,32,0.0831523296095401,0.4,0,48,24,5,32,0,3,0,0
1982,12,99,4,3,4,0.0,0.16764339996063954,0,48,3,3,117,1,1,4,0
1998,4,80,15,76,49,0.04375450837353655,0.14375450837353657,0,48,39,80,216,1,3,5,0
2003,6,33,14,12,28,0.0,0.2,0,48,23,13,248,1,3,6,0
1982,11,74,11,61,79,0.07844102402346442,0.15688204804692885,0,47,65,65,132,0,0,4,0
1999,4,74,16,14,30,0.0,0.16712373199024066,0,48,23,14,223,1,0,5,0
1958,13,45,5,24,64,0.0,0.1,0,48,53,27,48,1,4,1,0
1966,4,72,5,35,53,0.0771740170098026,0.3,0,48,42,38,68,0,5,2,0
1994,15,28,18,44,8,0.19902716540115936,0.29902716540115937,0,47,6,48,197,0,2,5,0
1986,8,46,19,26,78,0.0,0.20059616981842268,0,48,64,29,152,1,5,4,0
1972,5,33,5,11,38,0.07235385054214227,0.31706155162642685,0,48,30,12,89,1,3,3,0
2011,7,61,11,22,24,0.0,0.19863059593174853,0,48,19,24,298,1,6,7,0
1950,12,6,19,3,77,0.1165522874949296,0.4668954250101408,0,48,63,3,37,1,5,0,0
2010,10,106,11,62,25,0.0,0.1,0,48,20,66,290,1,5,7,0
1986,8,72,18,37,79,0.0,0.05401721318633843,0,45,65,41,151,1,3,4,0
2006,5,50,13,20,35,0.0,0.18087529383754541,0,48,27,21,272,1,4,6,0
1931,11,85,13,4,40,0.09377746319244212,0.1937774631924421,0,48,51,4,11,0,3,0,0
2002,10,128,10,60,53,0.08900185900169458,0.27800371800338913,0,48,41,64,242,1,5,6,0
2010,10,25,18,71,57,0.09021242515429928,0.19021242515429926,0,48,47,75,292,0,5,7,0
2002,10,136,10,34,58,0.0,0.14717889189311875,0,48,47,37,232,1,1,6,0
1987,7,102,18,57,3,0.1,0.1,0,4,2,60,160,0,3,4,0
2018,9,121,13,51,6,0.06240596758521588,0.1624059675852159,0,48,4,55,342,1,4,7,0
1994,15,34,16,41,47,0.042181127370053,0.142181127370053,0,38,37,44,187,0,3,5,0
1998,4,82,17,36,16,0.0,0.1615538511844689,0,48,12,39,216,0,2,5,0
1969,7,66,5,9,50,0.19306438198011985,0.3,0,48,39,9,76,0,5,2,0
1943,2,108,11,20,68,0.10564745146963982,0.30564745146963984,0,48,57,22,24,1,4,0,0
1998,4,71,16,42,39,0.1,0.20772323208775567,0,48,30,45,217,1,0,5,0
1969,7,78,3,25,64,0.013016987812282277,0.2130169878122823,0,48,53,28,79,0,6,2,0
1998,4,128,16,46,30,0.1,0.3632383907547049,0,48,24,50,219,1,4,5,0
1969,7,66,5,8,52,0.18930866279557912,0.3,0,48,40,8,76,0,5,2,0
1959,9,135,6,5,14,0.027893716848725172,0.35578743369745036,0,48,11,5,48,1,3,1,0
1982,11,43,4,77,2,0.1,0.23615598935096785,0,48,1,82,119,1,5,4,0
1959,12,50,3,4,19,0.08351396564011462,0.43405586256045847,0,48,15,4,53,1,3,1,0
1986,7,39,12,68,9,0.0,0.11938985847293393,0,48,6,72,138,1,2,4,0
2018,9,70,13,42,63,0.04323459748478864,0.14323459748478864,0,48,52,46,335,1,5,7,0
1969,3,79,12,8,53,0.0,0.21130385035604732,0,48,42,8,80,0,2,2,0
1986,8,122,9,53,23,0.15922219554406108,0.25922219554406106,0,48,18,56,142,1,4,4,0
1998,4,77,13,65,43,0.13550431404509883,0.3,0,48,33,69,206,1,2,5,0
1950,1,108,3,39,68,0.08354644341089656,0.18354644341089657,0,48,57,43,31,0,3,1,0
1983,10,129,7,66,42,0.09654095585491958,0.19654095585491957,0,48,32,70,132,1,2,4,0
2008,8,52,12,24,31,0.0,0.13979983222522074,0,48,24,26,282,1,5,6,0
1962,2,111,6,13,28,0.1,0.2507753688086851,0,48,22,14,55,1,2,2,0
2018,9,137,13,41,44,0.0,0.1,0,48,34,45,338,1,2,7,0
1998,4,79,10,9,47,0.08278937389906996,0.18278937389906996,0,48,36,9,218,1,4,5,0
1994,13,34,12,4,11,0.0,0.2,0,48,9,4,197,1,3,5,0
1987,7,53,10,8,23,0.0,0.1,0,48,19,8,145,1,1,4,0
2007,6,50,13,21,34,0.0,0.16874992733849875,0,48,26,23,275,1,4,6,0
1982,11,44,4,77,0,0.09835162305565179,0.1983516230556518,0,48,0,82,114,1,5,4,0
1966,3,68,5,8,42,0.1,0.3,0,48,33,8,67,0,2,2,0
1936,4,82,19,14,35,0.14540613728360488,0.29081227456720976,0,48,27,16,19,1,3,0,0
1990,6,38,9,73,17,0.1,0.40551986376565663,0,48,13,77,161,1,3,5,0
2012,5,110,10,65,18,0.0,0.1531004996137469,0,48,14,69,302,1,6,7,0
1987,7,146,12,65,61,0.0716152729751908,0.24323054595038157,0,48,50,69,153,1,2,4,0
2006,5,21,11,1,53,0.0021077101179163837,0.10210771011791639,0,48,42,1,257,1,3,6,0
1994,15,100,11,23,51,0.1,0.2659414840501681,0,48,41,25,184,1,3,5,0
2018,9,145,14,65,23,0.06948285582455505,0.16948285582455505,0,48,18,69,333,1,1,7,0
1978,0,78,6,40,52,0.11143435817253922,0.3,0,48,41,43,103,1,2,3,0
1965,3,137,17,33,66,0.1,0.2,0,48,55,36,69,0,2,1,0
1994,15,29,15,5,21,0.045161654349006576,0.2,0,48,16,5,196,0,4,5,0
1954,14,50,15,70,9,0.45975536464338723,0.5,0,48,7,75,39,1,2,1,0
1980,7,74,10,61,70,0.06565653520534942,0.16565653520534943,0,48,56,65,120,0,1,3,0
2006,5,25,14,30,17,0.053859068693691364,0.30771813738738274,0,48,14,32,265,1,3,6,0
1998,4,121,18,46,19,0.09736268124981631,0.39736268124981633,0,48,16,50,220,1,3,5,0
2018,9,127,14,59,21,0.0,0.1456849498667308,0,48,17,63,340,0,2,7,0
2018,9,148,16,42,56,0.020581095453876354,0.12058109545387635,0,48,44,46,344,1,4,7,0
1994,15,23,13,6,57,0.1,0.26718107742990904,0,48,46,6,193,0,2,5,0
2006,5,30,19,25,35,0.0,0.18760576736134757,0,27,27,28,275,0,4,6,0
1994,15,99,12,32,48,0.1,0.2349408295588784,0,48,37,35,188,1,4,5,0
1982,12,92,5,10,9,0.0,0.1,0,48,7,10,117,1,3,4,0
1939,3,1,16,15,69,0.0,0.5,0,48,57,16,23,0,3,0,0
2016,6,123,12,50,14,0.052803274042119014,0.152803274042119,0,48,12,54,328,1,3,7,0
2018,9,125,17,66,23,0.0,0.18737334828100408,0,48,18,70,349,0,2,7,0
2014,1,24,10,3,48,0.159032047750424,0.3,0,48,38,3,312,1,4,7,0
2010,8,17,18,2,28,0.012346835876586026,0.41234683587658605,0,48,23,2,303,0,2,7,0
1998,4,67,17,26,15,0.0,0.28707682737916534,0,48,11,28,226,0,2,5,0
2015,4,137,19,49,7,0.07822259055599522,0.07822259055599522,0,7,5,53,335,0,4,7,0
2006,5,41,9,53,21,0.0,0.20001566955185776,0,48,18,57,255,1,0,6,0
1950,2,6,6,5,75,0.0,0.4640750057014484,0,48,62,5,32,0,3,1,0
1998,4,67,17,30,16,0.023836095683780312,0.2761639043162197,0,48,12,33,228,0,2,5,0
1930,16,83,4,7,77,0.09071774915753494,0.19071774915753495,0,48,63,7,1,0,1,0,0
2007,6,87,18,51,30,0.0,0.16200309515046868,0,48,24,55,282,0,4,6,0
1980,7,142,5,35,77,0.03687620684737019,0.17375241369474037,0,48,63,39,113,1,2,3,0
2010,10,103,9,27,41,0.0,0.20300242075652325,0,48,31,30,286,1,3,7,0
1987,7,34,11,52,63,0.07226425390998116,0.2,0,48,52,56,144,1,2,4,0
2010,10,106,14,20,63,0.044625403906374865,0.14462540390637488,0,48,52,22,290,1,0,7,0
2001,10,130,19,64,28,0.0,0.10905509862995251,0,48,23,68,249,1,5,5,0
2000,5,153,16,60,56,0.1,0.23459769508852807,0,38,45,64,235,1,4,5,0
1930,16,83,4,7,80,0.08770463578742958,0.22459072842514086,0,48,66,7,1,0,1,0,0
1979,4,11,9,3,26,0.03471427598712411,0.1694285519742482,0,48,20,3,113,0,1,3,0
2018,9,109,17,68,20,0.0,0.1496191790650748,0,48,15,72,346,0,2,7,0
2007,6,24,18,68,72,0.0,0.034582831152307335,0,42,59,72,276,1,2,6,0
1994,13,100,9,13,55,0.1,0.2898959386589176,0,48,44,13,184,1,2,5,0
1932,11,89,9,43,60,0.13339756406679124,0.3333975640667912,0,48,49,47,7,0,2,0,0
1962,2,111,6,23,32,0.1,0.2044488203597087,0,48,25,26,55,1,3,2,0
2011,7,60,12,27,30,0.030304605644118604,0.1303046056441186,0,48,24,30,296,1,4,7,0
1998,4,75,17,25,21,0.0,0.26120099396704044,0,48,15,28,226,0,1,5,0
2014,1,114,11,68,15,0.0,0.17941109064868682,0,48,11,72,312,1,5,7,0
1931,12,85,11,4,42,0.0739832604883833,0.1739832604883833,0,48,48,4,10,0,3,0,0
1969,7,47,5,18,55,0.09419629316185946,0.20580370683814056,0,48,44,19,78,0,2,2,0
1930,16,83,4,5,78,0.0,0.3557475702882946,0,48,64,5,2,0,3,0,0
1976,1,78,8,48,62,0.1560138134409005,0.25601381344090046,0,46,51,52,100,1,3,3,0
1994,15,38,16,39,40,0.05865927462551476,0.2,0,34,30,42,195,0,4,5,0
1978,0,19,5,2,39,0.03762539300189808,0.25050157200759227,0,48,30,2,104,1,3,3,0
2014,1,116,10,67,15,0.04410899786044038,0.2661634967906606,0,48,11,71,311,1,4,7,0
2002,7,93,16,17,36,0.0,0.16144769950121468,0,48,28,18,236,1,1,6,0
1994,13,103,9,57,66,0.10978281729128193,0.3902171827087181,0,48,55,61,187,1,5,5,0
2006,5,49,13,17,38,0.00758243746026156,0.2,0,48,28,18,267,1,4,6,0
1950,2,6,4,24,76,0.0,0.1134724913036173,0,48,62,26,29,1,4,1,0
1943,9,80,14,4,32,0.15363168660053073,0.3463683133994693,0,48,47,4,26,1,3,0,0
2018,9,91,13,5,18,0.025552857453006863,0.24889428509398626,0,40,14,5,339,0,4,7,0
2010,9,53,1,43,67,0.0,0.11340861228315305,0,36,56,47,306,0,3,7,0
1980,10,7,8,5,62,0.016207675572943604,0.14862302671883082,0,48,51,5,120,0,3,3,0
1970,8,107,3,36,76,0.0,0.2,0,48,62,39,77,1,5,3,0
2014,1,124,10,67,41,0.1163026971543884,0.5,0,48,32,71,307,1,0,7,0
1999,5,146,12,50,52,0.06445238544926168,0.3,0,48,40,54,225,1,5,5,0
2010,10,117,19,76,28,0.1087021857138107,0.20870218571381072,0,25,23,80,295,0,2,7,0
1956,13,71,4,13,43,0.1,0.27418035053757206,0,35,33,14,44,1,4,1,0
1970,8,69,13,24,75,0.14019310039701438,0.2700965501985072,0,44,62,27,82,1,3,3,0
1960,3,2,3,77,73,0.12936647096291629,0.32936647096291627,0,48,60,81,53,1,2,1,0
2018,9,82,16,53,60,0.1,0.2,0,48,49,57,335,1,4,7,0
2002,9,117,13,61,59,0.0616238977428256,0.22324779548565118,0,44,47,65,245,1,4,6,0
1962,6,69,4,5,63,0.1,0.3,0,48,51,5,59,0,4,1,0
2006,5,32,11,59,24,0.0,0.2,0,48,20,63,260,1,0,6,0
2011,6,42,12,30,25,0.04156046506129535,0.14156046506129535,0,48,21,33,300,1,3,7,0
1930,16,83,4,7,80,0.09823396684204609,0.20353206631590784,0,48,66,7,1,0,1,0,0
1959,11,54,3,3,20,0.1,0.4639440514749591,0,48,16,3,51,0,2,1,0
1933,6,43,18,7,67,0.09792427912108526,0.3,0,48,56,7,12,1,3,0,0
2006,5,25,17,23,33,0.0,0.2,0,35,26,25,270,0,3,6,0
2002,10,141,9,17,8,0.16833775042773352,0.45250662564160027,0,48,6,18,244,1,3,6,0
1971,6,47,6,12,18,0.03703291025417234,0.13703291025417236,0,48,14,13,86,1,3,3,0
1954,14,5,4,76,35,0.2809362074161087,0.5,0,48,28,81,37,1,2,1,0
1978,0,78,6,44,58,0.18446116379095362,0.2844611637909536,0,48,47,48,105,1,3,3,0
1994,13,96,9,70,17,0.01472920200571416,0.2,0,48,12,74,192,1,3,5,0
1966,3,68,5,8,46,0.1,0.3,0,48,36,8,68,0,3,2,0
1965,2,76,5,9,33,0.1,0.3096615562105196,0,48,26,9,69,0,5,2,0
1974,5,138,9,67,52,0.0,0.1,0,48,40,71,96,1,5,3,0
1996,6,75,13,60,16,0.0,0.1,0,48,13,64,203,0,1,5,0
1970,7,44,5,18,55,0.1,0.21577262480243525,0,48,44,19,80,1,2,3,0
2018,9,37,14,45,68,0.020740864590118348,0.2792591354098817,0,48,57,49,341,1,4,7,0
1990,6,38,9,73,16,0.1,0.39898154319700535,0,48,13,77,161,1,4,5,0
1998,4,126,9,58,44,0.0,0.3,0,48,34,62,219,1,5,5,0
1966,3,68,5,8,53,0.1,0.3,0,48,42,8,68,0,4,2,0
1974,4,53,8,2,8,0.08794379928223554,0.18794379928223554,0,48,6,2,96,1,3,3,0
1982,12,81,9,6,19,0.0,0.1,0,48,15,6,120,1,2,4,0
2018,9,124,17,67,26,0.0073033941636473365,0.2,0,48,20,71,349,0,2,7,0
2007,7,51,13,23,32,0.0,0.152153788226869,0,48,25,25,279,1,4,6,0
1991,8,134,18,63,76,0.131800100417401,0.2,0,44,63,67,181,0,4,5,0
2018,9,127,15,14,48,0.05731007571664132,0.15731007571664132,0,48,39,14,334,1,4,7,0
2014,1,108,15,65,1,0.16805667121896592,0.3680566712189659,0,48,1,69,314,1,3,7,0
1998,4,68,17,29,16,0.017520129696306518,0.2824798703036935,0,48,12,32,227,0,2,5,0
2018,9,77,14,4,10,0.04644618476849885,0.25355381523150117,0,48,8,4,342,0,2,7,0
1975,3,58,7,2,8,0.06683453776174908,0.16683453776174909,0,48,6,2,98,1,3,3,0
1995,11,91,17,64,11,0.0,0.1,0,48,9,68,201,0,4,5,0
1942,2,103,13,33,69,0.16403588793542956,0.3280717758708591,0,48,58,36,24,0,3,0,0
2012,4,75,7,40,72,0.0,0.1,0,42,60,43,311,0,4,7,0
1997,4,63,17,40,15,0.10356532168287919,0.3,0,48,11,43,206,0,2,5,0
1986,8,90,15,48,30,0.07814638132833987,0.23907319066416993,0,48,24,51,146,1,5,4,0
2018,9,77,15,48,61,0.07286101180364168,0.1728610118036417,0,48,50,51,335,1,5,7,0
2018,9,125,17,66,23,0.0,0.18199248773798266,0,48,18,70,348,0,2,7,0
2014,1,107,16,63,0,0.2,0.39393921854069447,0,48,0,67,315,1,3,7,0
1986,8,76,13,55,15,0.0,0.1655302193384469,0,48,12,59,139,1,5,4,0
2016,6,130,17,61,10,0.0,0.1,0,48,7,65,335,1,4,7,0
1985,8,45,11,67,7,0.006497594341458957,0.10649759434145896,0,48,5,71,132,1,3,4,0
2018,9,126,14,61,22,0.0,0.15631095039104687,0,48,18,65,342,0,2,7,0
1990,6,35,9,3,17,0.0,0.1073914320132241,0,48,14,3,165,1,0,5,0
1954,14,58,3,32,78,0.0,0.1610841443718648,0,48,65,35,35,1,5,1,0
2008,7,19,14,13,36,0.05137361391214931,0.2,0,48,29,14,278,1,3,6,0
1998,4,68,17,40,29,0.1,0.24105061744778528,0,48,22,43,214,1,1,5,0
1974,5,42,3,79,11,0.0,0.251804312100551,0,48,8,84,92,1,2,3,0
1980,7,11,10,2,21,0.1,0.37359830838090335,0,48,16,2,119,0,2,3,0
