year,country,city,stage,home_team,away_team,home_score,away_score,outcome,win_conditions,winning_team,losing_team,date,month,dayofweek
1930,16,83,3,27,42,0.4,0.1,2,no win conditions,22,46,1930-07-13,0,3
1930,16,83,6,5,76,0.0,0.3,0,no win conditions,62,5,1930-07-13,0,3
1930,16,83,4,8,80,0.1,0.2,0,no win conditions,66,8,1930-07-14,0,1
1930,16,83,5,52,56,0.1,0.3,0,no win conditions,45,56,1930-07-14,0,1
1930,16,83,3,2,27,0.1,0.0,2,no win conditions,1,30,1930-07-15,0,5
1930,16,83,3,12,42,0.3,0.0,2,no win conditions,9,46,1930-07-16,0,6
1930,16,83,4,6,80,0.0,0.4,0,no win conditions,66,6,1930-07-17,0,4
1930,16,83,6,51,76,0.0,0.3,0,no win conditions,62,55,1930-07-17,0,4
1930,16,83,5,77,52,0.1,0.0,2,no win conditions,63,56,1930-07-18,0,0
1930,16,83,3,2,42,0.5,0.3,2,no win conditions,1,46,1930-07-19,0,2
1930,16,83,3,12,27,0.1,0.0,2,no win conditions,9,30,1930-07-19,0,2
1930,16,83,6,5,51,0.0,0.1,0,no win conditions,39,5,1930-07-20,0,3
1930,16,83,4,6,8,0.0,0.4,0,no win conditions,6,6,1930-07-20,0,3
1930,16,83,5,77,56,0.4,0.0,2,no win conditions,63,60,1930-07-21,0,1
1930,16,83,3,2,12,0.3,0.1,2,no win conditions,1,12,1930-07-22,0,5
1930,16,83,20,2,76,0.5,0.1,2,no win conditions,1,80,1930-07-26,0,2
1930,16,83,20,77,80,0.5,0.1,2,no win conditions,63,84,1930-07-27,0,3
1930,16,83,1,77,2,0.4,0.2,2,no win conditions,63,2,1930-07-30,0,6
1934,6,12,19,2,68,0.2,0.3,0,no win conditions,57,2,1934-05-27,2,3
1934,6,144,19,4,27,0.3,0.2,2,Austria won in AET,3,30,1934-05-27,2,3
1934,6,36,19,5,28,0.2,0.5,0,no win conditions,23,5,1934-05-27,2,3
1934,6,43,19,8,67,0.1,0.3,0,no win conditions,56,8,1934-05-27,2,3
1934,6,143,19,19,56,0.2,0.1,2,no win conditions,15,60,1934-05-27,2,3
1934,6,89,19,23,33,0.2,0.4,0,no win conditions,26,26,1934-05-27,2,3
1934,6,116,19,38,76,0.5,0.1,2,no win conditions,28,80,1934-05-27,2,3
1934,6,81,19,44,69,0.2,0.3,0,no win conditions,58,48,1934-05-27,2,3
1934,6,12,18,4,33,0.2,0.1,2,no win conditions,3,36,1934-05-31,2,4
1934,6,144,18,19,69,0.3,0.2,2,no win conditions,15,73,1934-05-31,2,4
1934,6,81,18,28,68,0.2,0.1,2,no win conditions,23,72,1934-05-31,2,4
1934,6,36,18,38,67,0.1,0.1,1,no win conditions,17,22,1934-05-31,2,4
1934,6,36,18,38,67,0.1,0.0,2,no win conditions,28,71,1934-06-01,1,0
1934,6,116,20,19,28,0.3,0.1,2,no win conditions,15,31,1934-06-03,1,3
1934,6,81,20,38,4,0.1,0.0,2,no win conditions,28,4,1934-06-03,1,3
1934,6,89,21,4,28,0.2,0.3,0,no win conditions,65,4,1934-06-07,1,4
1934,6,116,1,38,18,0.2,0.1,2,Italy won in AET,28,20,1934-06-10,1,3
1938,4,102,19,28,69,0.1,0.1,1,no win conditions,17,22,1938-06-04,1,2
1938,4,136,19,8,53,0.5,0.5,2,Brazil won in AET,6,57,1938-06-05,1,3
1938,4,142,19,17,56,0.3,0.3,1,no win conditions,17,22,1938-06-05,1,3
1938,4,63,19,19,44,0.3,0.0,2,Czechoslovakia won in AET,15,48,1938-06-05,1,3
1938,4,22,19,27,5,0.3,0.1,2,no win conditions,22,5,1938-06-05,1,3
1938,4,113,19,33,20,0.5,0.0,2,no win conditions,26,23,1938-06-05,1,3
1938,4,77,19,38,49,0.2,0.1,2,Italy won in AET,28,53,1938-06-05,1,3
1938,4,142,19,17,56,0.2,0.1,2,no win conditions,13,60,1938-06-09,1,4
1938,4,102,19,28,69,0.2,0.4,0,no win conditions,58,31,1938-06-09,1,4
1938,4,13,18,8,18,0.1,0.1,1,no win conditions,17,22,1938-06-12,1,3
1938,4,1,18,17,68,0.0,0.5,0,no win conditions,57,18,1938-06-12,1,3
1938,4,22,18,27,37,0.1,0.3,0,no win conditions,28,30,1938-06-12,1,3
1938,4,67,18,33,69,0.2,0.0,2,no win conditions,26,73,1938-06-12,1,3
1938,4,13,18,8,18,0.2,0.1,2,no win conditions,6,20,1938-06-14,1,5
1938,4,77,20,8,37,0.1,0.2,0,no win conditions,28,8,1938-06-16,1,4
1938,4,102,20,33,68,0.5,0.1,2,no win conditions,26,72,1938-06-16,1,4
1938,4,13,21,8,68,0.4,0.2,2,no win conditions,6,72,1938-06-19,1,3
1938,4,22,1,33,37,0.2,0.4,0,no win conditions,28,36,1938-06-19,1,3
1950,1,115,3,8,42,0.4,0.0,2,no win conditions,6,46,1950-06-24,1,2
1950,1,115,4,12,25,0.0,0.2,0,no win conditions,20,12,1950-06-25,1,3
1950,1,140,5,38,68,0.2,0.3,0,no win conditions,57,41,1950-06-25,1,3
1950,1,24,4,67,76,0.3,0.1,2,no win conditions,56,80,1950-06-25,1,3
1950,1,6,3,69,80,0.0,0.3,0,no win conditions,66,73,1950-06-25,1,3
1950,1,140,3,8,69,0.2,0.2,1,no win conditions,17,22,1950-06-28,1,6
1950,1,107,3,42,80,0.1,0.4,0,no win conditions,66,46,1950-06-28,1,6
1950,1,115,4,12,67,0.0,0.2,0,no win conditions,56,12,1950-06-29,1,4
1950,1,6,4,25,76,0.0,0.1,0,no win conditions,62,28,1950-06-29,1,4
1950,1,24,5,51,68,0.2,0.2,1,no win conditions,17,22,1950-06-29,1,4
1950,1,115,3,8,80,0.2,0.0,2,no win conditions,6,84,1950-07-01,0,2
1950,1,6,6,6,77,0.0,0.5,0,no win conditions,63,6,1950-07-02,0,3
1950,1,112,4,12,76,0.5,0.2,2,no win conditions,9,80,1950-07-02,0,3
1950,1,115,4,25,67,0.0,0.1,0,no win conditions,56,28,1950-07-02,0,3
1950,1,140,5,38,51,0.2,0.0,2,no win conditions,28,55,1950-07-02,0,3
1950,1,107,3,42,69,0.1,0.2,0,no win conditions,58,46,1950-07-02,0,3
1950,1,115,2,8,68,0.5,0.1,2,no win conditions,6,72,1950-07-09,0,3
1950,1,140,2,67,77,0.2,0.2,1,no win conditions,17,22,1950-07-09,0,3
1950,1,115,2,8,67,0.5,0.1,2,no win conditions,6,71,1950-07-13,0,4
1950,1,140,2,68,77,0.2,0.3,0,no win conditions,63,72,1950-07-13,0,4
1950,1,115,2,8,77,0.1,0.2,0,no win conditions,63,8,1950-07-16,0,3
1950,1,140,2,67,68,0.1,0.3,0,no win conditions,57,71,1950-07-16,0,3
1954,14,158,5,4,59,0.1,0.0,2,no win conditions,3,63,1954-06-16,1,6
1954,14,42,3,8,42,0.5,0.0,2,no win conditions,6,46,1954-06-16,1,6
1954,14,8,5,19,77,0.0,0.2,0,no win conditions,63,20,1954-06-16,1,6
1954,14,62,3,27,80,0.0,0.1,0,no win conditions,66,30,1954-06-16,1,6
1954,14,5,6,5,25,0.4,0.4,1,no win conditions,17,22,1954-06-17,1,4
1954,14,8,4,78,73,0.4,0.1,2,no win conditions,65,77,1954-06-17,1,4
1954,14,158,4,33,65,0.5,0.0,2,no win conditions,26,69,1954-06-17,1,4
1954,14,62,6,69,37,0.2,0.1,2,no win conditions,58,41,1954-06-17,1,4
1954,14,158,5,4,18,0.5,0.0,2,no win conditions,3,20,1954-06-19,1,2
1954,14,62,3,8,80,0.1,0.1,1,no win conditions,17,22,1954-06-19,1,2
1954,14,42,3,27,42,0.3,0.2,2,no win conditions,22,46,1954-06-19,1,2
1954,14,5,5,59,77,0.0,0.5,0,no win conditions,63,63,1954-06-19,1,2
1954,14,70,6,5,37,0.1,0.4,0,no win conditions,28,5,1954-06-20,1,3
1954,14,5,4,78,33,0.3,0.5,0,no win conditions,26,83,1954-06-20,1,3
1954,14,42,4,65,73,0.0,0.5,0,no win conditions,60,69,1954-06-20,1,3
1954,14,8,6,69,25,0.0,0.2,0,no win conditions,20,73,1954-06-20,1,3
1954,14,158,4,78,73,0.5,0.2,2,no win conditions,65,77,1954-06-23,1,6
1954,14,5,6,69,37,0.4,0.1,2,no win conditions,58,41,1954-06-23,1,6
1954,14,5,18,25,77,0.2,0.4,0,no win conditions,63,28,1954-06-26,1,2
1954,14,62,18,69,4,0.5,0.5,0,no win conditions,3,73,1954-06-26,1,2
1954,14,8,18,8,33,0.2,0.4,0,no win conditions,26,8,1954-06-27,1,3
1954,14,42,18,78,80,0.2,0.0,2,no win conditions,65,84,1954-06-27,1,3
1954,14,5,20,4,79,0.1,0.5,0,no win conditions,65,4,1954-06-30,1,6
1954,14,62,20,33,77,0.4,0.2,2,Hungary won in AET,26,81,1954-06-30,1,6
1954,14,158,21,4,77,0.3,0.1,2,no win conditions,3,81,1954-07-03,0,2
1954,14,8,1,78,33,0.3,0.2,2,no win conditions,65,36,1954-07-04,0,3
1958,13,73,3,2,79,0.1,0.3,0,no win conditions,65,2,1958-06-08,1,3
1958,13,145,6,4,8,0.0,0.3,0,no win conditions,6,4,1958-06-08,1,3
1958,13,48,3,19,48,0.0,0.1,0,no win conditions,37,20,1958-06-08,1,3
1958,13,45,6,25,66,0.2,0.2,1,no win conditions,17,22,1958-06-08,1,3
1958,13,95,4,27,51,0.5,0.3,2,no win conditions,22,55,1958-06-08,1,3
1958,13,126,5,33,78,0.1,0.1,1,no win conditions,17,22,1958-06-08,1,3
1958,13,154,4,59,80,0.1,0.1,1,no win conditions,17,22,1958-06-08,1,3
1958,13,135,5,68,42,0.3,0.0,2,no win conditions,57,46,1958-06-08,1,3
1958,13,48,3,2,48,0.3,0.1,2,no win conditions,1,52,1958-06-11,1,6
1958,13,14,6,4,66,0.0,0.2,0,no win conditions,55,4,1958-06-11,1,6
1958,13,45,6,8,25,0.0,0.0,1,no win conditions,17,22,1958-06-11,1,6
1958,13,51,3,19,79,0.2,0.2,1,no win conditions,17,22,1958-06-11,1,6
1958,13,154,4,27,80,0.2,0.3,0,no win conditions,66,30,1958-06-11,1,6
1958,13,135,5,42,78,0.1,0.1,1,no win conditions,17,22,1958-06-11,1,6
1958,13,95,4,51,59,0.3,0.2,2,no win conditions,39,63,1958-06-11,1,6
1958,13,135,5,68,33,0.2,0.1,2,no win conditions,57,36,1958-06-12,1,4
1958,13,51,3,2,18,0.1,0.5,0,no win conditions,15,2,1958-06-15,1,3
1958,13,14,6,4,25,0.2,0.2,1,no win conditions,17,22,1958-06-15,1,3
1958,13,45,6,8,66,0.2,0.0,2,no win conditions,6,70,1958-06-15,1,3
1958,13,159,4,27,59,0.2,0.1,2,no win conditions,22,63,1958-06-15,1,3
1958,13,73,3,78,48,0.2,0.2,1,no win conditions,17,22,1958-06-15,1,3
1958,13,126,5,33,42,0.4,0.0,2,no win conditions,26,46,1958-06-15,1,3
1958,13,35,4,51,80,0.3,0.3,1,no win conditions,17,22,1958-06-15,1,3
1958,13,135,5,68,78,0.0,0.0,1,no win conditions,17,22,1958-06-15,1,3
1958,13,73,3,19,48,0.1,0.2,0,Northern Ireland won in AET,37,20,1958-06-17,1,5
1958,13,45,6,25,66,0.0,0.1,0,no win conditions,55,28,1958-06-17,1,5
1958,13,135,5,33,78,0.1,0.2,0,no win conditions,64,36,1958-06-17,1,5
1958,13,45,18,8,78,0.1,0.0,2,no win conditions,6,82,1958-06-19,1,4
1958,13,95,18,27,48,0.4,0.0,2,no win conditions,22,52,1958-06-19,1,4
1958,13,73,18,78,80,0.1,0.0,2,no win conditions,65,84,1958-06-19,1,4
1958,13,135,18,68,66,0.2,0.0,2,no win conditions,57,70,1958-06-19,1,4
1958,13,135,20,8,27,0.5,0.2,2,no win conditions,6,30,1958-06-24,1,5
1958,13,45,20,68,79,0.3,0.1,2,no win conditions,57,83,1958-06-24,1,5
1958,13,45,21,27,79,0.5,0.3,2,no win conditions,22,83,1958-06-28,1,2
1958,13,135,1,68,8,0.2,0.5,0,no win conditions,6,72,1958-06-29,1,3
1962,2,111,6,2,9,0.1,0.0,2,no win conditions,1,9,1962-05-30,2,6
1962,2,152,5,8,42,0.2,0.0,2,no win conditions,6,46,1962-05-30,2,6
1962,2,127,4,12,69,0.3,0.1,2,no win conditions,9,73,1962-05-30,2,6
1962,2,2,3,14,77,0.1,0.2,0,no win conditions,63,14,1962-05-30,2,6
1962,2,152,5,19,67,0.1,0.0,2,no win conditions,15,71,1962-05-31,2,4
1962,2,111,6,25,33,0.1,0.2,0,no win conditions,26,28,1962-05-31,2,4
1962,2,127,4,78,37,0.0,0.0,1,no win conditions,17,22,1962-05-31,2,4
1962,2,2,3,66,80,0.2,0.0,2,no win conditions,55,84,1962-05-31,2,4
1962,2,111,6,2,25,0.1,0.3,0,no win conditions,20,2,1962-06-02,1,2
1962,2,152,5,8,18,0.0,0.0,1,no win conditions,17,22,1962-06-02,1,2
1962,2,127,4,12,37,0.2,0.0,2,no win conditions,9,41,1962-06-02,1,2
1962,2,2,3,77,80,0.1,0.3,0,no win conditions,66,81,1962-06-02,1,2
1962,2,111,6,9,33,0.1,0.5,0,no win conditions,26,9,1962-06-03,1,3
1962,2,2,3,14,66,0.4,0.4,1,no win conditions,17,22,1962-06-03,1,3
1962,2,127,4,78,69,0.2,0.1,2,no win conditions,65,73,1962-06-03,1,3
1962,2,152,5,42,67,0.0,0.1,0,no win conditions,56,46,1962-06-03,1,3
1962,2,111,6,2,33,0.0,0.0,1,no win conditions,17,22,1962-06-06,1,6
1962,2,152,5,8,67,0.2,0.1,2,no win conditions,6,71,1962-06-06,1,6
1962,2,127,4,12,79,0.0,0.2,0,no win conditions,65,12,1962-06-06,1,6
1962,2,2,3,66,77,0.2,0.1,2,no win conditions,55,81,1962-06-06,1,6
1962,2,111,6,9,25,0.0,0.0,1,no win conditions,17,22,1962-06-07,1,4
1962,2,2,3,14,80,0.0,0.5,0,no win conditions,66,14,1962-06-07,1,4
1962,2,152,5,19,42,0.1,0.3,0,no win conditions,32,20,1962-06-07,1,4
1962,2,127,4,38,69,0.3,0.0,2,no win conditions,28,73,1962-06-07,1,4
1962,2,152,18,8,25,0.3,0.1,2,no win conditions,6,28,1962-06-10,1,3
1962,2,2,18,12,66,0.2,0.1,2,no win conditions,9,70,1962-06-10,1,3
1962,2,111,18,19,33,0.1,0.0,2,no win conditions,15,36,1962-06-10,1,3
1962,2,127,18,78,80,0.0,0.1,0,no win conditions,66,83,1962-06-10,1,3
1962,2,127,20,12,8,0.2,0.4,0,no win conditions,6,12,1962-06-13,1,6
1962,2,152,20,19,80,0.3,0.1,2,no win conditions,15,84,1962-06-13,1,6
1962,2,127,21,12,80,0.1,0.0,2,no win conditions,9,84,1962-06-16,1,2
1962,2,127,1,8,18,0.3,0.1,2,no win conditions,6,20,1962-06-17,1,3
1966,3,69,3,25,77,0.0,0.0,1,no win conditions,17,22,1966-07-11,0,1
1966,3,68,5,8,9,0.2,0.0,2,no win conditions,6,9,1966-07-12,0,5
1966,3,133,4,78,69,0.5,0.0,2,no win conditions,65,73,1966-07-12,0,5
1966,3,80,6,47,66,0.0,0.3,0,no win conditions,55,51,1966-07-12,0,5
1966,3,10,4,2,67,0.2,0.1,2,no win conditions,1,71,1966-07-13,0,6
1966,3,138,6,12,37,0.0,0.2,0,no win conditions,28,12,1966-07-13,0,6
1966,3,69,3,27,42,0.1,0.1,1,no win conditions,17,22,1966-07-13,0,6
1966,3,75,5,33,54,0.1,0.3,0,no win conditions,43,36,1966-07-13,0,6
1966,3,68,5,8,33,0.1,0.3,0,no win conditions,26,8,1966-07-15,0,0
1966,3,80,6,12,47,0.1,0.1,1,no win conditions,17,22,1966-07-15,0,0
1966,3,69,3,27,77,0.1,0.2,0,no win conditions,63,30,1966-07-15,0,0
1966,3,133,4,67,69,0.2,0.1,2,no win conditions,56,73,1966-07-15,0,0
1966,3,10,4,2,79,0.0,0.0,1,no win conditions,17,22,1966-07-16,0,2
1966,3,75,5,9,54,0.0,0.3,0,no win conditions,43,9,1966-07-16,0,2
1966,3,69,3,25,42,0.2,0.0,2,no win conditions,20,46,1966-07-16,0,2
1966,3,138,6,38,66,0.0,0.1,0,no win conditions,55,41,1966-07-16,0,2
1966,3,133,4,2,69,0.2,0.0,2,no win conditions,1,73,1966-07-19,0,5
1966,3,68,5,8,54,0.1,0.3,0,no win conditions,43,8,1966-07-19,0,5
1966,3,80,6,38,47,0.0,0.1,0,no win conditions,36,41,1966-07-19,0,5
1966,3,69,3,42,77,0.0,0.0,1,no win conditions,17,22,1966-07-19,0,5
1966,3,75,5,9,33,0.1,0.3,0,no win conditions,26,9,1966-07-20,0,6
1966,3,138,6,12,66,0.1,0.2,0,no win conditions,55,12,1966-07-20,0,6
1966,3,69,3,25,27,0.2,0.0,2,no win conditions,20,30,1966-07-20,0,6
1966,3,10,4,78,67,0.2,0.1,2,no win conditions,65,71,1966-07-20,0,6
1966,3,69,18,25,2,0.1,0.0,2,no win conditions,20,2,1966-07-23,0,2
1966,3,133,18,78,77,0.4,0.0,2,no win conditions,65,81,1966-07-23,0,2
1966,3,138,18,33,66,0.1,0.2,0,no win conditions,55,36,1966-07-23,0,2
1966,3,68,18,47,54,0.3,0.5,0,no win conditions,43,51,1966-07-23,0,2
1966,3,68,20,78,66,0.2,0.1,2,no win conditions,65,70,1966-07-25,0,1
1966,3,69,20,25,54,0.2,0.1,2,no win conditions,20,58,1966-07-26,0,5
1966,3,69,21,54,66,0.2,0.1,2,no win conditions,43,70,1966-07-28,0,4
1966,3,69,1,25,79,0.4,0.2,2,England won in AET,20,83,1966-07-30,0,2
1970,8,79,3,42,66,0.0,0.0,1,no win conditions,17,22,1970-05-31,2,3
1970,8,66,6,9,52,0.2,0.3,0,no win conditions,40,9,1970-06-02,1,5
1970,8,46,5,25,56,0.1,0.0,2,no win conditions,20,60,1970-06-02,1,5
1970,8,109,4,37,77,0.0,0.2,0,no win conditions,63,40,1970-06-02,1,5
1970,8,79,3,5,24,0.3,0.0,2,no win conditions,4,27,1970-06-03,1,6
1970,8,46,5,8,18,0.4,0.1,2,no win conditions,6,20,1970-06-03,1,6
1970,8,66,6,78,43,0.2,0.1,2,no win conditions,65,47,1970-06-03,1,6
1970,8,141,4,38,68,0.1,0.0,2,no win conditions,28,72,1970-06-03,1,6
1970,8,79,3,5,66,0.1,0.4,0,no win conditions,55,5,1970-06-06,1,2
1970,8,46,5,19,56,0.1,0.2,0,no win conditions,45,20,1970-06-06,1,2
1970,8,109,4,38,77,0.0,0.0,1,no win conditions,17,22,1970-06-06,1,2
1970,8,66,6,43,52,0.0,0.3,0,no win conditions,40,47,1970-06-06,1,2
1970,8,46,5,8,25,0.1,0.0,2,no win conditions,6,28,1970-06-07,1,3
1970,8,66,6,9,79,0.2,0.5,0,no win conditions,65,9,1970-06-07,1,3
1970,8,141,4,37,68,0.1,0.1,1,no win conditions,17,22,1970-06-07,1,3
1970,8,79,3,42,24,0.4,0.0,2,no win conditions,32,27,1970-06-07,1,3
1970,8,46,5,8,56,0.3,0.2,2,no win conditions,6,60,1970-06-10,1,6
1970,8,79,3,24,66,0.0,0.2,0,no win conditions,55,27,1970-06-10,1,6
1970,8,66,6,78,52,0.3,0.1,2,no win conditions,65,56,1970-06-10,1,6
1970,8,109,4,68,77,0.1,0.0,2,no win conditions,57,81,1970-06-10,1,6
1970,8,66,6,9,43,0.1,0.1,1,no win conditions,17,22,1970-06-11,1,4
1970,8,46,5,19,25,0.0,0.1,0,no win conditions,20,20,1970-06-11,1,4
1970,8,141,4,37,37,0.0,0.0,1,no win conditions,17,22,1970-06-11,1,4
1970,8,79,3,42,5,0.1,0.0,2,no win conditions,32,5,1970-06-11,1,4
1970,8,46,18,8,52,0.4,0.2,2,no win conditions,6,56,1970-06-14,1,3
1970,8,66,18,25,79,0.2,0.3,0,West Germany won in AET,65,28,1970-06-14,1,3
1970,8,141,18,42,37,0.1,0.4,0,no win conditions,28,46,1970-06-14,1,3
1970,8,79,18,66,77,0.0,0.1,0,Uruguay won in AET,63,70,1970-06-14,1,3
1970,8,46,20,8,77,0.3,0.1,2,no win conditions,6,81,1970-06-17,1,6
1970,8,79,20,78,37,0.3,0.4,0,Italy won in AET,28,83,1970-06-17,1,6
1970,8,79,21,78,77,0.1,0.0,2,no win conditions,65,81,1970-06-20,1,2
1970,8,79,1,8,37,0.4,0.1,2,no win conditions,6,41,1970-06-21,1,3
1974,5,39,4,8,80,0.0,0.0,1,no win conditions,17,22,1974-06-13,1,4
1974,5,29,4,80,59,0.0,0.2,0,no win conditions,48,85,1974-06-14,1,0
1974,5,49,3,21,3,0.2,0.0,2,no win conditions,18,3,1974-06-14,1,0
1974,5,7,3,78,12,0.1,0.0,2,no win conditions,65,12,1974-06-14,1,0
1974,5,86,6,38,31,0.3,0.1,2,no win conditions,28,34,1974-06-15,1,2
1974,5,137,6,53,2,0.3,0.2,2,no win conditions,41,2,1974-06-15,1,2
1974,5,31,5,68,9,0.0,0.0,1,no win conditions,17,22,1974-06-15,1,2
1974,5,50,5,77,44,0.0,0.2,0,no win conditions,34,81,1974-06-15,1,2
1974,5,7,3,12,21,0.1,0.1,1,no win conditions,17,22,1974-06-18,1,5
1974,5,49,3,78,3,0.3,0.0,2,no win conditions,65,3,1974-06-18,1,5
1974,5,39,4,59,8,0.0,0.0,1,no win conditions,17,22,1974-06-18,1,5
1974,5,41,4,79,81,0.5,0.0,2,no win conditions,66,85,1974-06-18,1,5
1974,5,137,6,2,37,0.1,0.1,1,no win conditions,17,22,1974-06-19,1,6
1974,5,50,5,9,77,0.1,0.1,1,no win conditions,17,22,1974-06-19,1,6
1974,5,86,6,31,53,0.0,0.5,0,no win conditions,41,34,1974-06-19,1,6
1974,5,29,5,44,68,0.0,0.0,1,no win conditions,17,22,1974-06-19,1,6
1974,5,7,3,3,12,0.0,0.0,1,no win conditions,17,22,1974-06-22,1,2
1974,5,41,4,80,8,0.0,0.3,0,no win conditions,6,85,1974-06-22,1,2
1974,5,49,3,78,21,0.0,0.1,0,no win conditions,18,83,1974-06-22,1,2
1974,5,39,4,59,80,0.1,0.1,1,no win conditions,17,22,1974-06-22,1,2
1974,5,86,6,2,31,0.4,0.1,2,no win conditions,1,34,1974-06-23,1,3
1974,5,29,5,9,44,0.1,0.4,0,no win conditions,34,9,1974-06-23,1,3
1974,5,137,6,53,37,0.2,0.1,2,no win conditions,41,41,1974-06-23,1,3
1974,5,31,5,68,77,0.3,0.0,2,no win conditions,57,81,1974-06-23,1,3
1974,5,50,9,8,21,0.1,0.0,2,no win conditions,6,24,1974-06-26,1,6
1974,5,31,10,78,80,0.2,0.0,2,no win conditions,65,84,1974-06-26,1,6
1974,5,41,9,44,2,0.4,0.0,2,no win conditions,34,2,1974-06-26,1,6
1974,5,137,10,68,53,0.0,0.1,0,no win conditions,41,72,1974-06-26,1,6
1974,5,50,9,2,8,0.1,0.2,0,no win conditions,6,2,1974-06-30,1,3
1974,5,41,9,21,44,0.0,0.2,0,no win conditions,34,83,1974-06-30,1,3
1974,5,31,10,78,68,0.4,0.2,2,no win conditions,65,72,1974-06-30,1,3
1974,5,39,10,53,80,0.2,0.1,2,no win conditions,41,84,1974-06-30,1,3
1974,5,41,9,2,21,0.1,0.1,1,no win conditions,17,22,1974-07-03,0,6
1974,5,39,10,78,53,0.1,0.0,2,no win conditions,65,57,1974-07-03,0,6
1974,5,29,9,44,8,0.2,0.0,2,no win conditions,34,8,1974-07-03,0,6
1974,5,31,10,68,80,0.2,0.1,2,no win conditions,57,84,1974-07-03,0,6
1974,5,86,21,8,53,0.0,0.1,0,no win conditions,41,8,1974-07-06,0,2
1974,5,86,1,78,44,0.2,0.1,2,no win conditions,65,48,1974-07-07,0,3
1978,0,16,4,78,53,0.0,0.0,1,no win conditions,17,22,1978-06-01,1,4
1978,0,16,3,2,33,0.2,0.1,2,no win conditions,1,36,1978-06-02,1,0
1978,0,76,3,27,37,0.1,0.2,0,no win conditions,28,30,1978-06-02,1,0
1978,0,117,4,42,72,0.1,0.3,0,no win conditions,59,46,1978-06-02,1,0
1978,0,16,5,4,67,0.2,0.1,2,no win conditions,3,71,1978-06-03,1,2
1978,0,76,5,8,68,0.1,0.1,1,no win conditions,17,22,1978-06-03,1,2
1978,0,78,6,35,44,0.0,0.3,0,no win conditions,34,38,1978-06-03,1,2
1978,0,25,6,52,59,0.3,0.1,2,no win conditions,40,63,1978-06-03,1,2
1978,0,16,3,2,27,0.2,0.1,2,no win conditions,1,30,1978-06-06,1,5
1978,0,25,4,78,42,0.5,0.0,2,no win conditions,65,46,1978-06-06,1,5
1978,0,76,3,33,37,0.1,0.3,0,no win conditions,28,36,1978-06-06,1,5
1978,0,117,4,53,72,0.1,0.0,2,no win conditions,41,76,1978-06-06,1,5
1978,0,16,5,4,68,0.1,0.0,2,no win conditions,3,72,1978-06-07,1,6
1978,0,76,5,8,67,0.0,0.0,1,no win conditions,17,22,1978-06-07,1,6
1978,0,25,6,35,59,0.1,0.1,1,no win conditions,17,22,1978-06-07,1,6
1978,0,78,6,44,52,0.0,0.0,1,no win conditions,17,22,1978-06-07,1,6
1978,0,16,3,2,37,0.0,0.1,0,no win conditions,28,2,1978-06-10,1,2
1978,0,76,3,27,33,0.3,0.1,2,no win conditions,22,36,1978-06-10,1,2
1978,0,25,4,78,72,0.0,0.0,1,no win conditions,17,22,1978-06-10,1,2
1978,0,117,4,42,53,0.1,0.3,0,no win conditions,41,46,1978-06-10,1,2
1978,0,76,5,4,8,0.0,0.1,0,no win conditions,6,4,1978-06-11,1,3
1978,0,25,6,35,52,0.1,0.4,0,no win conditions,40,38,1978-06-11,1,3
1978,0,78,6,44,59,0.2,0.3,0,no win conditions,48,48,1978-06-11,1,3
1978,0,16,5,67,68,0.1,0.0,2,no win conditions,56,72,1978-06-11,1,3
1978,0,117,10,2,53,0.2,0.0,2,no win conditions,1,57,1978-06-14,1,6
1978,0,25,9,4,44,0.1,0.5,0,no win conditions,34,4,1978-06-14,1,6
1978,0,78,10,8,52,0.3,0.0,2,no win conditions,6,56,1978-06-14,1,6
1978,0,16,9,78,37,0.0,0.0,1,no win conditions,17,22,1978-06-14,1,6
1978,0,117,10,2,8,0.0,0.0,1,no win conditions,17,22,1978-06-18,1,3
1978,0,16,9,4,37,0.0,0.1,0,no win conditions,28,4,1978-06-18,1,3
1978,0,25,9,78,44,0.2,0.2,1,no win conditions,17,22,1978-06-18,1,3
1978,0,78,10,52,53,0.0,0.1,0,no win conditions,41,56,1978-06-18,1,3
1978,0,117,10,2,52,0.5,0.0,2,no win conditions,1,56,1978-06-21,1,6
1978,0,25,9,4,79,0.3,0.2,2,no win conditions,3,83,1978-06-21,1,6
1978,0,78,10,8,53,0.3,0.1,2,no win conditions,6,57,1978-06-21,1,6
1978,0,16,9,38,44,0.1,0.2,0,no win conditions,34,41,1978-06-21,1,6
1978,0,16,21,8,37,0.2,0.1,2,no win conditions,6,41,1978-06-24,1,2
1978,0,16,1,2,44,0.3,0.1,2,Argentina won in AET,1,48,1978-06-25,1,3
1982,12,3,5,2,5,0.0,0.1,0,no win conditions,4,2,1982-06-13,1,3
1982,12,132,8,8,66,0.2,0.1,2,no win conditions,6,70,1982-06-14,1,1
1982,12,151,3,38,53,0.0,0.0,1,no win conditions,17,22,1982-06-14,1,1
1982,12,34,5,33,24,0.5,0.1,2,no win conditions,26,27,1982-06-15,1,5
1982,12,61,3,52,10,0.0,0.0,1,no win conditions,17,22,1982-06-15,1,5
1982,12,87,8,59,45,0.5,0.2,2,no win conditions,48,49,1982-06-15,1,5
1982,12,9,6,25,27,0.3,0.1,2,no win conditions,20,30,1982-06-16,1,6
1982,12,44,4,78,0,0.1,0.2,0,no win conditions,0,83,1982-06-16,1,6
1982,12,148,7,67,32,0.1,0.1,1,no win conditions,17,22,1982-06-16,1,6
1982,12,99,4,12,4,0.0,0.1,0,no win conditions,3,12,1982-06-17,1,4
1982,12,149,6,19,41,0.1,0.1,1,no win conditions,17,22,1982-06-17,1,4
1982,12,157,7,79,48,0.0,0.0,1,no win conditions,17,22,1982-06-17,1,4
1982,12,0,5,2,33,0.4,0.1,2,no win conditions,1,36,1982-06-18,1,0
1982,12,132,8,8,59,0.4,0.1,2,no win conditions,6,63,1982-06-18,1,0
1982,12,151,3,38,52,0.1,0.1,1,no win conditions,17,22,1982-06-18,1,0
1982,12,34,5,5,24,0.1,0.0,2,no win conditions,4,27,1982-06-19,1,2
1982,12,61,3,53,10,0.0,0.0,1,no win conditions,17,22,1982-06-19,1,2
1982,12,87,8,66,45,0.3,0.0,2,no win conditions,55,49,1982-06-19,1,2
1982,12,9,6,25,18,0.2,0.0,2,no win conditions,20,20,1982-06-20,1,3
1982,12,44,4,78,12,0.4,0.1,2,no win conditions,65,12,1982-06-20,1,3
1982,12,148,7,67,80,0.2,0.1,2,no win conditions,56,84,1982-06-20,1,3
1982,12,99,4,0,4,0.0,0.2,0,no win conditions,3,0,1982-06-21,1,1
1982,12,149,6,27,41,0.4,0.1,2,no win conditions,22,45,1982-06-21,1,1
1982,12,157,7,32,48,0.1,0.1,1,no win conditions,17,22,1982-06-21,1,1
1982,12,34,5,5,33,0.1,0.1,1,no win conditions,17,22,1982-06-22,1,5
1982,12,61,3,53,52,0.5,0.1,2,no win conditions,41,56,1982-06-22,1,5
1982,12,87,8,66,59,0.2,0.2,1,no win conditions,17,22,1982-06-22,1,5
1982,12,0,5,2,24,0.2,0.0,2,no win conditions,1,27,1982-06-23,1,6
1982,12,132,8,8,45,0.4,0.0,2,no win conditions,6,49,1982-06-23,1,6
1982,12,151,3,38,10,0.1,0.1,1,no win conditions,17,22,1982-06-23,1,6
1982,12,99,4,0,12,0.3,0.2,2,no win conditions,0,12,1982-06-24,1,4
1982,12,149,6,27,18,0.1,0.1,1,no win conditions,17,22,1982-06-24,1,4
1982,12,157,7,32,80,0.0,0.1,0,no win conditions,66,35,1982-06-24,1,4
1982,12,9,6,25,41,0.1,0.0,2,no win conditions,20,45,1982-06-25,1,0
1982,12,44,4,78,4,0.1,0.0,2,no win conditions,65,4,1982-06-25,1,0
1982,12,148,7,67,48,0.0,0.1,0,no win conditions,37,71,1982-06-25,1,0
1982,12,72,12,4,27,0.0,0.1,0,no win conditions,22,4,1982-06-28,1,1
1982,12,3,9,53,5,0.3,0.0,2,no win conditions,41,5,1982-06-28,1,1
1982,12,72,10,78,25,0.0,0.0,1,no win conditions,17,22,1982-06-29,1,5
1982,12,3,11,38,2,0.2,0.1,2,no win conditions,28,2,1982-06-29,1,5
1982,12,72,12,4,48,0.2,0.2,1,no win conditions,17,22,1982-07-01,0,4
1982,12,3,9,5,66,0.0,0.1,0,no win conditions,55,5,1982-07-01,0,4
1982,12,3,11,2,8,0.1,0.3,0,no win conditions,6,2,1982-07-02,0,0
1982,12,72,10,67,79,0.1,0.2,0,no win conditions,65,71,1982-07-02,0,0
1982,12,72,12,27,48,0.4,0.1,2,no win conditions,22,52,1982-07-04,0,3
1982,12,3,9,53,66,0.0,0.0,1,no win conditions,17,22,1982-07-04,0,3
1982,12,3,11,38,8,0.3,0.2,2,no win conditions,28,8,1982-07-05,0,1
1982,12,72,10,67,25,0.0,0.0,1,no win conditions,17,22,1982-07-05,0,1
1982,12,132,20,78,27,0.3,0.3,2,West Germany won in penalties (5 - 4),65,30,1982-07-08,0,4
1982,12,3,20,53,37,0.0,0.2,0,no win conditions,28,57,1982-07-08,0,4
1982,12,0,21,53,27,0.3,0.2,2,no win conditions,41,30,1982-07-10,0,2
1982,12,72,1,38,79,0.3,0.1,2,no win conditions,28,83,1982-07-11,0,3
1986,8,79,9,9,37,0.1,0.1,1,no win conditions,17,22,1986-05-31,2,2
1986,8,66,11,11,27,0.0,0.1,0,no win conditions,22,11,1986-06-01,1,3
1986,8,46,12,67,8,0.0,0.1,0,no win conditions,6,71,1986-06-01,1,3
1986,8,79,9,2,65,0.3,0.1,2,no win conditions,1,69,1986-06-02,1,1
1986,8,82,15,43,53,0.0,0.0,1,no win conditions,17,22,1986-06-02,1,1
1986,8,53,11,66,33,0.5,0.0,2,no win conditions,55,36,1986-06-02,1,1
1986,8,46,12,0,48,0.1,0.1,1,no win conditions,17,22,1986-06-03,1,5
1986,8,79,10,42,5,0.2,0.1,2,no win conditions,32,5,1986-06-03,1,5
1986,8,82,15,54,25,0.1,0.0,2,no win conditions,43,28,1986-06-03,1,5
1986,8,141,10,51,36,0.1,0.0,2,no win conditions,39,39,1986-06-04,1,6
1986,8,92,14,59,19,0.0,0.1,0,no win conditions,16,63,1986-06-04,1,6
1986,8,110,14,77,79,0.1,0.1,1,no win conditions,17,22,1986-06-04,1,6
1986,8,66,11,27,66,0.1,0.1,1,no win conditions,17,22,1986-06-05,1,4
1986,8,109,9,38,2,0.1,0.1,1,no win conditions,17,22,1986-06-05,1,4
1986,8,79,9,65,9,0.1,0.1,1,no win conditions,17,22,1986-06-05,1,4
1986,8,46,12,8,0,0.1,0.0,2,no win conditions,6,0,1986-06-06,1,0
1986,8,82,15,25,43,0.0,0.0,1,no win conditions,17,22,1986-06-06,1,0
1986,8,53,11,33,11,0.2,0.0,2,no win conditions,26,11,1986-06-06,1,0
1986,8,79,10,42,51,0.1,0.1,1,no win conditions,17,22,1986-06-07,1,2
1986,8,46,12,48,67,0.1,0.2,0,no win conditions,56,52,1986-06-07,1,2
1986,8,82,15,53,54,0.1,0.0,2,no win conditions,41,58,1986-06-07,1,2
1986,8,92,14,20,77,0.5,0.1,2,no win conditions,16,81,1986-06-08,1,3
1986,8,110,14,78,59,0.2,0.1,2,no win conditions,65,63,1986-06-08,1,3
1986,8,141,10,36,5,0.1,0.2,0,no win conditions,4,39,1986-06-08,1,3
1986,8,66,11,33,27,0.0,0.3,0,no win conditions,22,36,1986-06-09,1,1
1986,8,53,11,66,11,0.2,0.0,2,no win conditions,55,11,1986-06-09,1,1
1986,8,79,9,2,9,0.2,0.0,2,no win conditions,1,9,1986-06-10,1,5
1986,8,109,9,65,37,0.2,0.3,0,no win conditions,28,69,1986-06-10,1,5
1986,8,82,15,25,53,0.3,0.0,2,no win conditions,20,57,1986-06-11,1,6
1986,8,79,10,42,36,0.1,0.0,2,no win conditions,32,39,1986-06-11,1,6
1986,8,141,10,51,5,0.2,0.2,1,no win conditions,17,22,1986-06-11,1,6
1986,8,46,15,54,43,0.1,0.3,0,no win conditions,33,58,1986-06-11,1,6
1986,8,82,12,0,67,0.0,0.3,0,no win conditions,56,0,1986-06-12,1,4
1986,8,46,12,48,8,0.0,0.3,0,no win conditions,6,52,1986-06-12,1,4
1986,8,110,14,20,79,0.2,0.0,2,no win conditions,16,83,1986-06-13,1,0
1986,8,92,14,59,77,0.0,0.0,1,no win conditions,17,22,1986-06-13,1,0
1986,8,79,19,42,9,0.2,0.0,2,no win conditions,32,9,1986-06-15,1,3
1986,8,66,19,66,5,0.3,0.4,0,Belgium won in AET,4,70,1986-06-15,1,3
1986,8,109,19,2,77,0.1,0.0,2,no win conditions,1,81,1986-06-16,1,1
1986,8,46,19,8,53,0.4,0.0,2,no win conditions,6,57,1986-06-16,1,1
1986,8,79,19,38,27,0.0,0.2,0,no win conditions,22,41,1986-06-17,1,5
1986,8,82,19,43,79,0.0,0.1,0,no win conditions,65,47,1986-06-17,1,5
1986,8,110,19,20,67,0.1,0.5,0,no win conditions,56,21,1986-06-18,1,6
1986,8,79,19,25,51,0.3,0.0,2,no win conditions,20,55,1986-06-18,1,6
1986,8,46,18,8,27,0.1,0.1,0,France won in penalties (4 - 3),22,8,1986-06-21,1,2
1986,8,82,18,42,79,0.0,0.0,0,West Germany won in penalties (4 - 1),65,46,1986-06-21,1,2
1986,8,79,18,2,25,0.2,0.1,2,no win conditions,1,28,1986-06-22,1,3
1986,8,109,18,67,5,0.1,0.1,0,Belgium won in penalties (5 - 4),4,71,1986-06-22,1,3
1986,8,79,20,2,5,0.2,0.0,2,no win conditions,1,5,1986-06-25,1,6
1986,8,46,20,27,79,0.0,0.2,0,no win conditions,65,30,1986-06-25,1,6
1986,8,109,21,27,5,0.4,0.2,2,France won in AET,22,5,1986-06-28,1,2
1986,8,79,1,2,79,0.3,0.2,2,no win conditions,1,83,1986-06-29,1,3
1990,6,81,10,2,10,0.0,0.1,0,no win conditions,8,2,1990-06-08,1,0
1990,6,116,9,38,4,0.1,0.0,2,no win conditions,28,4,1990-06-09,1,2
1990,6,4,10,66,56,0.0,0.2,0,no win conditions,45,70,1990-06-09,1,2
1990,6,12,12,75,14,0.0,0.2,0,no win conditions,10,79,1990-06-09,1,2
1990,6,144,11,8,68,0.2,0.1,2,no win conditions,6,72,1990-06-10,1,3
1990,6,81,12,78,80,0.4,0.1,2,no win conditions,65,84,1990-06-10,1,3
1990,6,36,9,76,18,0.1,0.5,0,no win conditions,15,80,1990-06-10,1,3
1990,6,43,11,15,59,0.1,0.0,2,no win conditions,11,63,1990-06-11,1,1
1990,6,18,15,25,55,0.1,0.1,1,no win conditions,17,22,1990-06-11,1,1
1990,6,150,14,5,65,0.2,0.0,2,no win conditions,4,69,1990-06-12,1,5
1990,6,100,15,44,23,0.1,0.1,1,no win conditions,17,22,1990-06-12,1,5
1990,6,89,10,2,66,0.2,0.0,2,no win conditions,1,70,1990-06-13,1,6
1990,6,146,14,77,67,0.0,0.0,1,no win conditions,17,22,1990-06-13,1,6
1990,6,4,10,10,56,0.2,0.1,2,no win conditions,8,60,1990-06-14,1,4
1990,6,116,9,38,76,0.1,0.0,2,no win conditions,28,80,1990-06-14,1,4
1990,6,12,12,79,14,0.1,0.0,2,no win conditions,66,14,1990-06-14,1,4
1990,6,36,9,4,18,0.0,0.1,0,no win conditions,15,4,1990-06-15,1,0
1990,6,81,12,78,75,0.5,0.1,2,no win conditions,65,79,1990-06-15,1,0
1990,6,144,11,8,15,0.1,0.0,2,no win conditions,6,16,1990-06-16,1,2
1990,6,18,15,25,44,0.0,0.0,1,no win conditions,17,22,1990-06-16,1,2
1990,6,43,11,68,59,0.1,0.2,0,no win conditions,48,72,1990-06-16,1,2
1990,6,150,14,5,77,0.3,0.1,2,no win conditions,4,81,1990-06-17,1,3
1990,6,100,15,55,23,0.0,0.0,1,no win conditions,17,22,1990-06-17,1,3
1990,6,146,14,65,67,0.1,0.3,0,no win conditions,56,69,1990-06-17,1,3
1990,6,89,10,2,56,0.1,0.1,1,no win conditions,17,22,1990-06-18,1,1
1990,6,4,10,10,66,0.0,0.4,0,no win conditions,55,10,1990-06-18,1,1
1990,6,36,9,4,76,0.2,0.1,2,no win conditions,3,80,1990-06-19,1,5
1990,6,81,12,78,14,0.1,0.1,1,no win conditions,17,22,1990-06-19,1,5
1990,6,116,9,38,18,0.2,0.0,2,no win conditions,28,20,1990-06-19,1,5
1990,6,12,12,79,75,0.4,0.1,2,no win conditions,66,79,1990-06-19,1,5
1990,6,144,11,8,59,0.1,0.0,2,no win conditions,6,63,1990-06-20,1,6
1990,6,43,11,68,15,0.1,0.2,0,no win conditions,11,72,1990-06-20,1,6
1990,6,150,14,5,67,0.1,0.2,0,no win conditions,56,5,1990-06-21,1,4
1990,6,18,15,25,23,0.1,0.0,2,no win conditions,20,26,1990-06-21,1,4
1990,6,100,15,55,44,0.1,0.1,1,no win conditions,17,22,1990-06-21,1,4
1990,6,146,14,65,77,0.0,0.1,0,no win conditions,63,69,1990-06-21,1,4
1990,6,89,19,10,14,0.2,0.1,2,Cameroon won in AET,8,14,1990-06-23,1,2
1990,6,4,19,19,15,0.4,0.1,2,no win conditions,15,16,1990-06-23,1,2
1990,6,144,19,8,2,0.0,0.1,0,no win conditions,1,8,1990-06-24,1,3
1990,6,81,19,78,44,0.2,0.1,2,no win conditions,65,48,1990-06-24,1,3
1990,6,43,19,55,56,0.0,0.0,2,Republic of Ireland won in penalties (5 - 4),44,60,1990-06-25,1,1
1990,6,116,19,38,77,0.2,0.0,2,no win conditions,28,81,1990-06-25,1,1
1990,6,12,19,25,5,0.1,0.0,2,England won in AET,20,5,1990-06-26,1,5
1990,6,150,19,67,80,0.1,0.2,0,Yugoslavia won in AET,66,71,1990-06-26,1,5
1990,6,116,18,38,55,0.1,0.0,2,no win conditions,28,59,1990-06-30,1,2
1990,6,36,18,79,2,0.0,0.0,0,Argentina won in penalties (3 - 2),1,84,1990-06-30,1,2
1990,6,89,18,10,25,0.2,0.3,0,England won in AET,20,10,1990-07-01,0,3
1990,6,81,18,78,18,0.1,0.0,2,no win conditions,65,20,1990-07-01,0,3
1990,6,89,20,38,2,0.1,0.1,0,Argentina won in penalties (4 - 3),1,41,1990-07-03,0,5
1990,6,144,20,78,25,0.1,0.1,2,West Germany won in penalties (4 - 3),65,28,1990-07-04,0,6
1990,6,4,21,38,25,0.2,0.1,2,no win conditions,28,28,1990-07-07,0,2
1990,6,116,1,78,2,0.1,0.0,2,no win conditions,65,2,1990-07-08,0,3
1994,15,20,11,28,6,0.1,0.0,2,no win conditions,23,6,1994-06-17,1,0
1994,15,28,11,67,65,0.2,0.2,1,no win conditions,17,22,1994-06-17,1,0
1994,15,103,9,14,56,0.1,0.3,0,no win conditions,45,14,1994-06-18,1,2
1994,15,32,14,38,55,0.0,0.1,0,no win conditions,44,41,1994-06-18,1,2
1994,15,105,9,76,69,0.1,0.1,1,no win conditions,17,22,1994-06-18,1,2
1994,15,97,15,5,43,0.1,0.0,2,no win conditions,4,47,1994-06-19,1,3
1994,15,103,10,10,68,0.2,0.2,1,no win conditions,17,22,1994-06-19,1,3
1994,15,155,14,49,42,0.1,0.0,2,no win conditions,38,46,1994-06-19,1,3
1994,15,101,10,8,57,0.2,0.0,2,no win conditions,6,61,1994-06-20,1,1
1994,15,155,15,44,58,0.2,0.1,2,no win conditions,34,62,1994-06-20,1,1
1994,15,38,12,2,30,0.4,0.0,2,no win conditions,1,33,1994-06-21,1,5
1994,15,20,11,28,67,0.1,0.1,1,no win conditions,17,22,1994-06-21,1,5
1994,15,28,12,46,9,0.3,0.0,2,no win conditions,35,9,1994-06-21,1,5
1994,15,105,9,56,69,0.1,0.4,0,no win conditions,58,60,1994-06-22,1,6
1994,15,103,0,76,14,0.2,0.1,2,no win conditions,62,14,1994-06-22,1,6
1994,15,32,14,38,49,0.1,0.0,2,no win conditions,28,53,1994-06-23,1,4
1994,15,38,11,65,6,0.0,0.0,1,no win conditions,17,22,1994-06-23,1,4
1994,15,101,10,8,10,0.3,0.0,2,no win conditions,6,10,1994-06-24,1,0
1994,15,97,14,42,55,0.2,0.1,2,no win conditions,32,59,1994-06-24,1,0
1994,15,105,10,68,57,0.3,0.1,2,no win conditions,57,61,1994-06-24,1,0
1994,15,38,12,2,46,0.2,0.1,2,no win conditions,1,50,1994-06-25,1,2
1994,15,97,15,5,44,0.1,0.0,2,no win conditions,4,48,1994-06-25,1,2
1994,15,32,15,58,43,0.2,0.1,2,no win conditions,47,47,1994-06-25,1,2
1994,15,20,12,9,30,0.4,0.0,2,no win conditions,7,33,1994-06-26,1,3
1994,15,101,9,69,14,0.0,0.2,0,no win conditions,10,73,1994-06-26,1,3
1994,15,103,9,76,56,0.0,0.1,0,no win conditions,45,80,1994-06-26,1,3
1994,15,20,11,6,67,0.1,0.3,0,no win conditions,56,6,1994-06-27,1,1
1994,15,28,11,28,65,0.3,0.2,2,no win conditions,23,69,1994-06-27,1,1
1994,15,105,10,8,68,0.1,0.1,1,no win conditions,17,22,1994-06-28,1,5
1994,15,32,14,55,49,0.0,0.0,1,no win conditions,17,22,1994-06-28,1,5
1994,15,155,14,38,42,0.1,0.1,1,no win conditions,17,22,1994-06-28,1,5
1994,15,101,10,57,10,0.5,0.1,2,no win conditions,46,10,1994-06-28,1,5
1994,15,155,15,5,58,0.0,0.1,0,no win conditions,47,5,1994-06-29,1,6
1994,15,97,15,43,44,0.1,0.2,0,no win conditions,34,47,1994-06-29,1,6
1994,15,28,12,2,9,0.0,0.2,0,no win conditions,7,2,1994-06-30,1,4
1994,15,38,12,30,46,0.0,0.2,0,no win conditions,35,33,1994-06-30,1,4
1994,15,20,19,28,5,0.3,0.2,2,no win conditions,23,5,1994-07-02,0,2
1994,15,155,19,67,69,0.3,0.0,2,no win conditions,56,73,1994-07-02,0,2
1994,15,103,19,56,2,0.3,0.2,2,no win conditions,45,2,1994-07-03,0,3
1994,15,28,19,58,68,0.1,0.3,0,no win conditions,57,62,1994-07-03,0,3
1994,15,97,19,44,55,0.2,0.0,2,no win conditions,34,59,1994-07-04,0,1
1994,15,101,19,76,8,0.0,0.1,0,no win conditions,6,80,1994-07-04,0,1
1994,15,32,19,42,9,0.1,0.1,0,Bulgaria won in penalties (3 - 1),7,46,1994-07-05,0,5
1994,15,38,19,46,37,0.1,0.2,0,Italy won in AET,28,50,1994-07-05,0,5
1994,15,38,18,38,67,0.2,0.1,2,no win conditions,28,71,1994-07-09,0,2
1994,15,28,18,44,8,0.2,0.3,0,no win conditions,6,48,1994-07-09,0,2
1994,15,32,18,9,28,0.2,0.1,2,no win conditions,7,31,1994-07-10,0,3
1994,15,101,18,56,68,0.2,0.2,0,Sweden won in penalties (5 - 4),57,60,1994-07-10,0,3
1994,15,32,20,9,37,0.1,0.2,0,no win conditions,28,9,1994-07-13,0,6
1994,15,103,20,68,8,0.0,0.1,0,no win conditions,6,72,1994-07-13,0,6
1994,15,103,21,68,9,0.4,0.0,2,no win conditions,57,9,1994-07-16,0,2
1994,15,103,1,8,37,0.0,0.0,2,Brazil won in penalties (3 - 2),6,41,1994-07-17,0,3
1998,4,121,9,8,59,0.2,0.1,2,no win conditions,6,63,1998-06-10,1,6
1998,4,84,9,43,49,0.2,0.2,1,no win conditions,17,22,1998-06-10,1,6
1998,4,142,10,10,4,0.1,0.1,1,no win conditions,17,22,1998-06-11,1,4
1998,4,13,10,38,12,0.2,0.2,1,no win conditions,17,22,1998-06-11,1,4
1998,4,77,11,27,64,0.3,0.0,2,no win conditions,22,68,1998-06-12,1,0
1998,4,84,12,51,9,0.0,0.0,1,no win conditions,17,22,1998-06-12,1,0
1998,4,65,11,58,19,0.0,0.1,0,no win conditions,16,62,1998-06-12,1,0
1998,4,71,14,65,42,0.1,0.3,0,no win conditions,32,69,1998-06-13,1,2
1998,4,121,14,44,5,0.0,0.0,1,no win conditions,17,22,1998-06-13,1,2
1998,4,88,12,67,46,0.2,0.3,0,no win conditions,35,71,1998-06-13,1,2
1998,4,142,17,2,40,0.1,0.0,2,no win conditions,1,44,1998-06-14,1,3
1998,4,65,17,40,16,0.1,0.3,0,no win conditions,12,43,1998-06-14,1,3
1998,4,122,15,26,35,0.1,0.0,2,no win conditions,21,38,1998-06-14,1,3
1998,4,77,16,25,72,0.2,0.0,2,no win conditions,20,76,1998-06-15,1,1
1998,4,102,15,28,76,0.2,0.0,2,no win conditions,23,80,1998-06-15,1,1
1998,4,71,16,56,14,0.1,0.0,2,no win conditions,45,14,1998-06-15,1,1
1998,4,88,9,8,43,0.3,0.0,2,no win conditions,6,47,1998-06-16,1,5
1998,4,13,9,59,49,0.1,0.1,1,no win conditions,17,22,1998-06-16,1,5
1998,4,122,10,12,4,0.1,0.1,1,no win conditions,17,22,1998-06-17,1,6
1998,4,84,10,38,10,0.3,0.0,2,no win conditions,28,10,1998-06-17,1,6
1998,4,121,11,27,58,0.4,0.0,2,no win conditions,22,62,1998-06-18,1,4
1998,4,142,11,64,19,0.1,0.1,1,no win conditions,17,22,1998-06-18,1,4
1998,4,102,12,46,9,0.1,0.0,2,no win conditions,35,9,1998-06-19,1,0
1998,4,122,12,67,51,0.0,0.0,1,no win conditions,17,22,1998-06-19,1,0
1998,4,13,14,5,42,0.2,0.2,1,no win conditions,17,22,1998-06-20,1,2
1998,4,88,17,41,16,0.0,0.1,0,no win conditions,12,44,1998-06-20,1,2
1998,4,77,14,44,65,0.5,0.0,2,no win conditions,34,69,1998-06-20,1,2
1998,4,102,17,2,39,0.5,0.0,2,no win conditions,1,43,1998-06-21,1,3
1998,4,65,15,28,26,0.2,0.2,1,no win conditions,17,22,1998-06-21,1,3
1998,4,71,15,76,35,0.1,0.2,0,no win conditions,27,80,1998-06-21,1,3
1998,4,84,16,14,72,0.1,0.0,2,no win conditions,10,76,1998-06-22,1,1
1998,4,142,16,56,25,0.2,0.1,2,no win conditions,45,28,1998-06-22,1,1
1998,4,77,9,8,49,0.1,0.2,0,no win conditions,38,8,1998-06-23,1,5
1998,4,88,10,12,10,0.1,0.1,1,no win conditions,17,22,1998-06-23,1,5
1998,4,121,10,38,4,0.2,0.1,2,no win conditions,28,4,1998-06-23,1,5
1998,4,122,9,59,43,0.0,0.3,0,no win conditions,33,63,1998-06-23,1,5
1998,4,71,11,27,19,0.2,0.1,2,no win conditions,22,21,1998-06-24,1,6
1998,4,142,12,46,51,0.1,0.3,0,no win conditions,39,50,1998-06-24,1,6
1998,4,13,11,64,58,0.2,0.2,1,no win conditions,17,22,1998-06-24,1,6
1998,4,65,12,67,9,0.5,0.1,2,no win conditions,56,9,1998-06-24,1,6
1998,4,102,14,5,65,0.1,0.1,1,no win conditions,17,22,1998-06-25,1,4
1998,4,84,15,28,35,0.2,0.0,2,no win conditions,23,38,1998-06-25,1,4
1998,4,122,14,44,42,0.2,0.2,1,no win conditions,17,22,1998-06-25,1,4
1998,4,88,15,76,61,0.0,0.1,0,no win conditions,50,80,1998-06-25,1,4
1998,4,13,17,2,16,0.1,0.0,2,no win conditions,1,17,1998-06-26,1,0
1998,4,65,16,14,25,0.0,0.2,0,no win conditions,20,14,1998-06-26,1,0
1998,4,71,17,41,39,0.1,0.2,0,no win conditions,30,44,1998-06-26,1,0
1998,4,121,16,56,72,0.1,0.1,1,no win conditions,17,22,1998-06-26,1,0
1998,4,102,19,8,12,0.4,0.1,2,no win conditions,6,12,1998-06-27,1,2
1998,4,77,19,38,49,0.1,0.0,2,no win conditions,28,53,1998-06-27,1,2
1998,4,65,19,27,51,0.1,0.0,2,France won in AET,22,55,1998-06-28,1,3
1998,4,121,19,46,19,0.1,0.4,0,no win conditions,16,50,1998-06-28,1,3
1998,4,84,19,28,42,0.2,0.1,2,no win conditions,23,46,1998-06-29,1,1
1998,4,142,19,44,26,0.2,0.1,2,no win conditions,34,29,1998-06-29,1,1
1998,4,122,19,2,25,0.2,0.2,2,Argentina won in penalties (4 - 3),1,28,1998-06-30,1,5
1998,4,13,19,56,16,0.0,0.1,0,no win conditions,12,60,1998-06-30,1,5
1998,4,88,18,8,19,0.3,0.2,2,no win conditions,6,21,1998-07-03,0,0
1998,4,121,18,27,37,0.0,0.0,2,France won in penalties (4 - 3),22,41,1998-07-03,0,0
1998,4,71,18,28,16,0.0,0.3,0,no win conditions,12,31,1998-07-04,0,2
1998,4,77,18,44,2,0.2,0.1,2,no win conditions,34,2,1998-07-04,0,2
1998,4,77,20,8,44,0.1,0.1,2,Brazil won in penalties (4 - 2),6,48,1998-07-07,0,5
1998,4,121,20,27,16,0.2,0.1,2,no win conditions,22,17,1998-07-08,0,6
1998,4,102,21,44,16,0.1,0.2,0,no win conditions,12,48,1998-07-11,0,2
1998,4,121,1,27,8,0.3,0.0,2,no win conditions,22,8,1998-07-12,0,3
2002,11,131,9,27,60,0.0,0.1,0,no win conditions,49,30,2002-05-31,2,0
2002,7,128,14,28,58,0.5,0.0,2,no win conditions,23,62,2002-06-01,1,2
2002,7,93,14,55,10,0.1,0.1,1,no win conditions,17,22,2002-06-01,1,2
2002,11,147,9,77,19,0.1,0.2,0,no win conditions,16,81,2002-06-01,1,2
2002,7,58,15,2,46,0.1,0.0,2,no win conditions,1,50,2002-06-02,1,3
2002,7,123,15,25,68,0.1,0.1,1,no win conditions,17,22,2002-06-02,1,3
2002,11,17,10,51,64,0.2,0.2,1,no win conditions,17,22,2002-06-02,1,3
2002,11,47,10,67,63,0.3,0.1,2,no win conditions,56,67,2002-06-02,1,3
2002,11,147,11,8,73,0.2,0.1,2,no win conditions,6,77,2002-06-03,1,1
2002,7,93,16,16,42,0.0,0.1,0,no win conditions,32,17,2002-06-03,1,1
2002,7,128,16,38,22,0.2,0.0,2,no win conditions,28,25,2002-06-03,1,1
2002,11,47,11,13,15,0.0,0.2,0,no win conditions,11,13,2002-06-04,1,5
2002,7,123,17,41,5,0.2,0.2,1,no win conditions,17,22,2002-06-04,1,5
2002,11,17,12,65,53,0.2,0.0,2,no win conditions,54,57,2002-06-04,1,5
2002,7,58,14,28,55,0.1,0.1,1,no win conditions,17,22,2002-06-05,1,6
2002,7,60,17,57,72,0.2,0.0,2,no win conditions,46,76,2002-06-05,1,6
2002,11,139,12,76,54,0.3,0.2,2,no win conditions,62,58,2002-06-05,1,6
2002,7,123,14,10,58,0.1,0.0,2,no win conditions,8,62,2002-06-06,1,4
2002,11,26,9,20,60,0.1,0.1,1,no win conditions,17,22,2002-06-06,1,4
2002,11,17,9,27,77,0.0,0.0,1,no win conditions,17,22,2002-06-06,1,4
2002,7,128,15,2,25,0.0,0.1,0,no win conditions,20,2,2002-06-07,1,0
2002,11,54,10,67,51,0.3,0.1,2,no win conditions,56,55,2002-06-07,1,0
2002,7,60,15,68,46,0.2,0.1,2,no win conditions,57,50,2002-06-07,1,0
2002,11,130,11,8,13,0.4,0.0,2,no win conditions,6,13,2002-06-08,1,2
2002,7,58,16,38,16,0.1,0.2,0,no win conditions,12,41,2002-06-08,1,2
2002,11,26,10,64,63,0.1,0.0,2,no win conditions,53,67,2002-06-08,1,2
2002,11,52,11,15,73,0.1,0.1,1,no win conditions,17,22,2002-06-09,1,3
2002,7,156,17,41,57,0.1,0.0,2,no win conditions,31,61,2002-06-09,1,3
2002,7,114,16,42,22,0.2,0.1,2,no win conditions,32,25,2002-06-09,1,3
2002,11,26,12,65,76,0.1,0.1,1,no win conditions,17,22,2002-06-10,1,1
2002,11,54,12,54,53,0.4,0.0,2,no win conditions,43,57,2002-06-10,1,1
2002,7,160,17,72,5,0.1,0.1,1,no win conditions,17,22,2002-06-10,1,1
2002,7,40,14,10,28,0.0,0.2,0,no win conditions,23,10,2002-06-11,1,5
2002,11,52,9,20,27,0.2,0.0,2,no win conditions,16,30,2002-06-11,1,5
2002,7,156,14,58,55,0.0,0.3,0,no win conditions,44,62,2002-06-11,1,5
2002,11,139,9,60,77,0.3,0.3,1,no win conditions,17,22,2002-06-11,1,5
2002,7,98,15,46,25,0.0,0.0,1,no win conditions,17,22,2002-06-12,1,6
2002,11,130,10,63,51,0.1,0.3,0,no win conditions,39,67,2002-06-12,1,6
2002,11,27,10,64,67,0.2,0.3,0,no win conditions,56,68,2002-06-12,1,6
2002,7,114,15,68,2,0.1,0.1,1,no win conditions,17,22,2002-06-12,1,6
2002,11,139,11,15,8,0.2,0.5,0,no win conditions,6,16,2002-06-13,1,4
2002,7,156,16,22,16,0.1,0.0,2,no win conditions,19,17,2002-06-13,1,4
2002,7,160,16,42,37,0.1,0.1,1,no win conditions,17,22,2002-06-13,1,4
2002,11,131,11,73,13,0.3,0.0,2,no win conditions,60,13,2002-06-13,1,4
2002,7,40,17,5,57,0.3,0.2,2,no win conditions,4,61,2002-06-14,1,0
2002,7,98,17,41,72,0.2,0.0,2,no win conditions,31,76,2002-06-14,1,0
2002,11,52,12,65,54,0.1,0.0,2,no win conditions,54,58,2002-06-14,1,0
2002,11,27,12,53,76,0.3,0.1,2,no win conditions,41,80,2002-06-14,1,0
2002,7,93,19,20,25,0.0,0.3,0,no win conditions,20,21,2002-06-15,1,2
2002,11,130,19,28,51,0.1,0.0,2,no win conditions,23,55,2002-06-15,1,2
2002,11,139,19,67,55,0.1,0.1,2,Spain won in penalties (3 - 2),56,59,2002-06-16,1,3
2002,7,160,19,68,60,0.1,0.2,0,Senegal won in AET,49,72,2002-06-16,1,3
2002,7,60,19,8,5,0.2,0.0,2,no win conditions,6,5,2002-06-17,1,1
2002,11,54,19,42,76,0.0,0.2,0,no win conditions,62,46,2002-06-17,1,1
2002,7,114,19,41,73,0.0,0.1,0,no win conditions,60,44,2002-06-18,1,5
2002,11,27,19,65,37,0.2,0.1,2,South Korea won in AET,54,41,2002-06-18,1,5
2002,7,40,18,25,8,0.1,0.2,0,no win conditions,6,28,2002-06-21,1,0
2002,11,147,18,28,76,0.1,0.0,2,no win conditions,23,80,2002-06-21,1,0
2002,11,47,18,65,67,0.0,0.0,2,South Korea won in penalties (5 - 3),54,71,2002-06-22,1,2
2002,7,98,18,60,73,0.0,0.1,0,Turkey won in AET,60,64,2002-06-22,1,2
2002,11,131,20,65,28,0.0,0.1,0,no win conditions,23,69,2002-06-25,1,5
2002,7,123,20,8,73,0.1,0.0,2,no win conditions,6,77,2002-06-26,1,6
2002,11,26,21,65,73,0.2,0.3,0,no win conditions,60,69,2002-06-29,1,2
2002,7,156,1,28,8,0.0,0.2,0,no win conditions,6,31,2002-06-30,1,3
2006,5,86,9,28,15,0.4,0.2,2,no win conditions,23,16,2006-06-09,1,0
2006,5,41,9,53,22,0.0,0.2,0,no win conditions,19,57,2006-06-09,1,0
2006,5,49,11,2,38,0.2,0.1,2,no win conditions,1,42,2006-06-10,1,2
2006,5,39,10,25,51,0.1,0.0,2,no win conditions,20,55,2006-06-10,1,2
2006,5,29,10,71,68,0.0,0.0,1,no win conditions,17,22,2006-06-10,1,2
2006,5,21,12,1,54,0.0,0.1,0,no win conditions,43,1,2006-06-11,1,3
2006,5,96,12,42,35,0.3,0.1,2,no win conditions,32,38,2006-06-11,1,3
2006,5,64,11,61,44,0.0,0.1,0,no win conditions,34,65,2006-06-11,1,3
2006,5,56,15,3,40,0.3,0.1,2,no win conditions,2,44,2006-06-12,1,1
2006,5,50,14,38,29,0.2,0.0,2,no win conditions,28,32,2006-06-12,1,1
2006,5,41,14,76,17,0.0,0.3,0,no win conditions,14,80,2006-06-12,1,1
2006,5,7,15,8,16,0.1,0.0,2,no win conditions,6,17,2006-06-13,1,5
2006,5,137,16,27,69,0.0,0.0,1,no win conditions,17,22,2006-06-13,1,5
2006,5,39,16,65,70,0.2,0.1,2,no win conditions,54,74,2006-06-13,1,5
2006,5,29,9,28,53,0.1,0.0,2,no win conditions,23,57,2006-06-14,1,6
2006,5,64,17,67,74,0.4,0.0,2,no win conditions,56,78,2006-06-14,1,6
2006,5,86,17,72,58,0.2,0.2,1,no win conditions,17,22,2006-06-14,1,6
2006,5,49,9,22,15,0.3,0.0,2,no win conditions,19,16,2006-06-15,1,4
2006,5,96,10,25,71,0.2,0.0,2,no win conditions,20,75,2006-06-15,1,4
2006,5,7,10,68,51,0.1,0.0,2,no win conditions,57,55,2006-06-15,1,4
2006,5,41,11,2,61,0.5,0.0,2,no win conditions,1,65,2006-06-16,1,0
2006,5,50,12,42,1,0.0,0.0,1,no win conditions,17,22,2006-06-16,1,0
2006,5,137,11,44,38,0.2,0.1,2,no win conditions,34,42,2006-06-16,1,0
2006,5,21,14,18,29,0.0,0.2,0,no win conditions,24,19,2006-06-17,1,2
2006,5,56,14,38,76,0.1,0.1,1,no win conditions,17,22,2006-06-17,1,2
2006,5,39,12,54,35,0.2,0.0,2,no win conditions,43,38,2006-06-17,1,2
2006,5,86,15,8,3,0.2,0.0,2,no win conditions,6,3,2006-06-18,1,3
2006,5,64,16,27,65,0.1,0.1,1,no win conditions,17,22,2006-06-18,1,3
2006,5,96,15,41,16,0.0,0.0,1,no win conditions,17,22,2006-06-18,1,3
2006,5,49,17,58,74,0.0,0.4,0,no win conditions,61,62,2006-06-19,1,1
2006,5,137,17,67,72,0.3,0.1,2,no win conditions,56,76,2006-06-19,1,1
2006,5,29,16,70,69,0.0,0.2,0,no win conditions,58,74,2006-06-19,1,1
2006,5,50,9,15,53,0.1,0.2,0,no win conditions,41,16,2006-06-20,1,5
2006,5,7,9,28,22,0.3,0.0,2,no win conditions,23,25,2006-06-20,1,5
2006,5,56,10,51,71,0.2,0.0,2,no win conditions,39,75,2006-06-20,1,5
2006,5,21,10,68,25,0.2,0.2,1,no win conditions,17,22,2006-06-20,1,5
2006,5,64,12,35,1,0.1,0.1,1,no win conditions,17,22,2006-06-21,1,6
2006,5,86,11,39,61,0.3,0.2,2,no win conditions,29,65,2006-06-21,1,6
2006,5,39,11,44,2,0.0,0.0,1,no win conditions,17,22,2006-06-21,1,6
2006,5,41,12,54,42,0.2,0.1,2,no win conditions,43,46,2006-06-21,1,6
2006,5,137,15,16,3,0.2,0.2,1,no win conditions,17,22,2006-06-22,1,4
2006,5,49,14,18,37,0.0,0.2,0,no win conditions,28,19,2006-06-22,1,4
2006,5,96,14,29,76,0.2,0.1,2,no win conditions,24,80,2006-06-22,1,4
2006,5,29,15,41,8,0.1,0.4,0,no win conditions,6,44,2006-06-22,1,4
2006,5,56,17,58,67,0.0,0.1,0,no win conditions,56,62,2006-06-23,1,0
2006,5,50,17,69,65,0.2,0.0,2,no win conditions,58,69,2006-06-23,1,0
2006,5,21,16,70,27,0.0,0.2,0,no win conditions,22,74,2006-06-23,1,0
2006,5,7,16,74,72,0.1,0.0,2,no win conditions,61,76,2006-06-23,1,0
2006,5,64,19,2,42,0.2,0.1,2,Argentina won in AET,1,46,2006-06-24,1,2
2006,5,86,19,28,68,0.2,0.0,2,no win conditions,23,72,2006-06-24,1,2
2006,5,137,19,25,22,0.1,0.0,2,no win conditions,20,25,2006-06-25,1,3
2006,5,96,19,54,44,0.1,0.0,2,no win conditions,43,48,2006-06-25,1,3
2006,5,56,19,38,3,0.1,0.0,2,no win conditions,28,3,2006-06-26,1,1
2006,5,21,19,69,74,0.0,0.0,0,Ukraine won in penalties (3- 0),61,73,2006-06-26,1,1
2006,5,29,19,8,29,0.3,0.0,2,no win conditions,6,32,2006-06-27,1,5
2006,5,50,19,67,27,0.1,0.3,0,no win conditions,22,71,2006-06-27,1,5
2006,5,7,18,28,2,0.1,0.1,2,Germany won in penalties (4 - 2),23,2,2006-06-30,1,0
2006,5,49,18,38,74,0.3,0.0,2,no win conditions,28,78,2006-06-30,1,0
2006,5,39,18,8,27,0.0,0.1,0,no win conditions,22,8,2006-07-01,0,2
2006,5,41,18,25,54,0.0,0.0,0,Portugal won in penalties (3 - 1),42,28,2006-07-01,0,2
2006,5,29,20,28,37,0.0,0.2,0,Italy won in AET,28,31,2006-07-04,0,5
2006,5,86,20,54,27,0.0,0.1,0,no win conditions,22,58,2006-07-05,0,6
2006,5,137,21,28,54,0.3,0.1,2,no win conditions,23,58,2006-07-08,0,2
2006,5,7,1,38,27,0.1,0.1,2,Italy won in penalties (5 - 3),28,30,2006-07-09,0,3
2010,10,55,9,64,42,0.1,0.1,1,no win conditions,17,22,2010-06-11,1,0
2010,10,19,9,77,27,0.0,0.0,1,no win conditions,17,22,2010-06-11,1,0
2010,10,55,10,2,46,0.1,0.0,2,no win conditions,1,50,2010-06-12,1,2
2010,10,119,11,25,76,0.1,0.1,1,no win conditions,17,22,2010-06-12,1,2
2010,10,106,10,65,30,0.2,0.0,2,no win conditions,54,33,2010-06-12,1,2
2010,10,104,11,0,63,0.0,0.1,0,no win conditions,52,0,2010-06-13,1,3
2010,10,30,12,28,3,0.4,0.0,2,no win conditions,23,3,2010-06-13,1,3
2010,10,108,12,61,29,0.0,0.1,0,no win conditions,24,65,2010-06-13,1,3
2010,10,19,15,38,51,0.1,0.1,1,no win conditions,17,22,2010-06-14,1,1
2010,10,11,14,41,10,0.1,0.0,2,no win conditions,31,10,2010-06-14,1,1
2010,10,55,14,44,19,0.2,0.0,2,no win conditions,34,21,2010-06-14,1,1
2010,10,55,16,8,47,0.2,0.1,2,no win conditions,6,51,2010-06-15,1,5
2010,10,106,16,39,54,0.0,0.0,1,no win conditions,17,22,2010-06-15,1,5
2010,10,119,15,45,62,0.1,0.1,1,no win conditions,17,22,2010-06-15,1,5
2010,10,91,17,32,12,0.0,0.1,0,no win conditions,9,35,2010-06-16,1,6
2010,10,108,9,64,77,0.0,0.3,0,no win conditions,63,68,2010-06-16,1,6
2010,10,30,17,67,69,0.0,0.1,0,no win conditions,58,71,2010-06-16,1,6
2010,10,55,10,2,65,0.4,0.1,2,no win conditions,1,69,2010-06-17,1,4
2010,10,104,9,27,42,0.0,0.2,0,no win conditions,32,30,2010-06-17,1,4
2010,10,11,10,30,46,0.2,0.1,2,no win conditions,25,50,2010-06-17,1,4
2010,10,19,11,25,0,0.0,0.0,1,no win conditions,17,22,2010-06-18,1,0
2010,10,106,12,28,61,0.0,0.1,0,no win conditions,50,31,2010-06-18,1,0
2010,10,55,11,63,76,0.2,0.2,1,no win conditions,17,22,2010-06-18,1,0
2010,10,108,14,10,19,0.1,0.2,0,no win conditions,16,10,2010-06-19,1,2
2010,10,119,12,29,3,0.1,0.1,1,no win conditions,17,22,2010-06-19,1,2
2010,10,30,14,44,40,0.1,0.0,2,no win conditions,34,44,2010-06-19,1,2
2010,10,55,16,8,38,0.3,0.1,2,no win conditions,6,42,2010-06-20,1,3
2010,10,91,15,38,45,0.1,0.1,1,no win conditions,17,22,2010-06-20,1,3
2010,10,11,15,62,51,0.0,0.2,0,no win conditions,39,66,2010-06-20,1,3
2010,10,106,17,12,69,0.1,0.0,2,no win conditions,9,73,2010-06-21,1,1
2010,10,19,16,54,47,0.5,0.0,2,no win conditions,43,51,2010-06-21,1,1
2010,10,55,17,67,32,0.2,0.0,2,no win conditions,56,35,2010-06-21,1,1
2010,10,104,10,30,2,0.0,0.2,0,no win conditions,1,33,2010-06-22,1,5
2010,10,119,9,42,77,0.0,0.1,0,no win conditions,63,46,2010-06-22,1,5
2010,10,30,10,46,65,0.2,0.2,1,no win conditions,17,22,2010-06-22,1,5
2010,10,11,9,64,27,0.2,0.1,2,no win conditions,53,30,2010-06-22,1,5
2010,10,91,12,3,61,0.2,0.1,2,no win conditions,2,65,2010-06-23,1,6
2010,10,55,12,29,28,0.0,0.1,0,no win conditions,23,32,2010-06-23,1,6
2010,10,106,11,63,25,0.0,0.1,0,no win conditions,20,67,2010-06-23,1,6
2010,10,108,11,76,0,0.1,0.0,2,no win conditions,62,0,2010-06-23,1,6
2010,10,19,14,10,44,0.1,0.2,0,no win conditions,34,10,2010-06-24,1,4
2010,10,119,14,20,40,0.1,0.3,0,no win conditions,31,21,2010-06-24,1,4
2010,10,104,15,51,45,0.0,0.0,1,no win conditions,17,22,2010-06-24,1,4
2010,10,55,15,62,37,0.3,0.2,2,no win conditions,51,41,2010-06-24,1,4
2010,10,108,17,12,67,0.1,0.2,0,no win conditions,56,12,2010-06-25,1,0
2010,10,91,16,47,38,0.0,0.3,0,no win conditions,29,51,2010-06-25,1,0
2010,10,30,16,54,8,0.0,0.0,1,no win conditions,17,22,2010-06-25,1,0
2010,10,11,17,69,32,0.0,0.0,1,no win conditions,17,22,2010-06-25,1,0
2010,10,106,19,77,65,0.2,0.1,2,no win conditions,63,69,2010-06-26,1,2
2010,10,119,19,76,29,0.1,0.2,0,Ghana won in AET,24,80,2010-06-26,1,2
2010,10,55,19,2,42,0.3,0.1,2,no win conditions,1,46,2010-06-27,1,3
2010,10,11,19,28,25,0.4,0.1,2,no win conditions,23,28,2010-06-27,1,3
2010,10,55,19,8,12,0.3,0.0,2,no win conditions,6,12,2010-06-28,1,1
2010,10,30,19,44,62,0.2,0.1,2,no win conditions,34,66,2010-06-28,1,1
2010,10,108,19,51,40,0.0,0.0,2,Paraguay won in penalties (5 - 3),39,44,2010-06-29,1,5
2010,10,19,19,67,54,0.1,0.0,2,no win conditions,56,58,2010-06-29,1,5
2010,10,106,18,44,8,0.2,0.1,2,no win conditions,34,8,2010-07-02,0,0
2010,10,55,18,77,29,0.1,0.1,2,Uruguay won in penalties (4 - 2),63,32,2010-07-02,0,0
2010,10,19,18,2,28,0.0,0.4,0,no win conditions,23,2,2010-07-03,0,2
2010,10,55,18,51,67,0.0,0.1,0,no win conditions,56,55,2010-07-03,0,2
2010,10,19,20,77,44,0.2,0.3,0,no win conditions,34,81,2010-07-06,0,5
2010,10,30,20,28,67,0.0,0.1,0,no win conditions,56,31,2010-07-07,0,6
2010,10,106,21,77,28,0.2,0.3,0,no win conditions,23,81,2010-07-10,0,2
2010,10,55,1,44,67,0.0,0.1,0,Spain won in AET,56,48,2010-07-11,0,3
2014,1,140,9,8,16,0.3,0.1,2,no win conditions,6,17,2014-06-12,1,4
2014,1,23,10,12,3,0.3,0.1,2,no win conditions,9,3,2014-06-13,1,0
2014,1,90,9,42,10,0.1,0.0,2,no win conditions,32,10,2014-06-13,1,0
2014,1,124,10,67,44,0.1,0.5,0,no win conditions,34,71,2014-06-13,1,0
2014,1,6,11,14,30,0.3,0.0,2,no win conditions,10,33,2014-06-14,1,2
2014,1,74,12,25,37,0.1,0.2,0,no win conditions,28,28,2014-06-14,1,2
2014,1,112,11,39,40,0.2,0.1,2,no win conditions,29,44,2014-06-14,1,2
2014,1,37,12,77,15,0.1,0.3,0,no win conditions,11,81,2014-06-14,1,2
2014,1,115,15,2,7,0.2,0.1,2,no win conditions,1,7,2014-06-15,1,3
2014,1,107,14,27,32,0.3,0.0,2,no win conditions,22,35,2014-06-15,1,3
2014,1,15,14,69,22,0.2,0.1,2,no win conditions,58,25,2014-06-15,1,3
2014,1,124,16,28,54,0.4,0.0,2,no win conditions,23,58,2014-06-16,1,1
2014,1,90,16,29,76,0.1,0.2,0,no win conditions,62,32,2014-06-16,1,1
2014,1,24,15,35,46,0.0,0.0,1,no win conditions,17,22,2014-06-16,1,1
2014,1,6,17,5,0,0.2,0.1,2,no win conditions,4,0,2014-06-17,1,5
2014,1,37,9,8,42,0.0,0.0,1,no win conditions,17,22,2014-06-17,1,5
2014,1,23,17,57,65,0.1,0.1,1,no win conditions,17,22,2014-06-17,1,5
2014,1,24,10,3,44,0.2,0.3,0,no win conditions,34,3,2014-06-18,1,6
2014,1,74,9,10,16,0.0,0.4,0,no win conditions,12,10,2014-06-18,1,6
2014,1,115,10,67,12,0.0,0.2,0,no win conditions,9,71,2014-06-18,1,6
2014,1,15,11,14,38,0.2,0.1,2,no win conditions,10,42,2014-06-19,1,4
2014,1,90,11,41,30,0.0,0.0,1,no win conditions,17,22,2014-06-19,1,4
2014,1,140,12,77,25,0.2,0.1,2,no win conditions,63,28,2014-06-19,1,4
2014,1,24,14,32,22,0.1,0.2,0,no win conditions,19,35,2014-06-20,1,0
2014,1,112,12,38,15,0.0,0.1,0,no win conditions,11,41,2014-06-20,1,0
2014,1,124,14,69,27,0.2,0.5,0,no win conditions,22,73,2014-06-20,1,0
2014,1,6,15,2,35,0.1,0.0,2,no win conditions,1,38,2014-06-21,1,2
2014,1,37,16,28,29,0.2,0.2,1,no win conditions,17,22,2014-06-21,1,2
2014,1,23,15,46,7,0.1,0.0,2,no win conditions,35,7,2014-06-21,1,2
2014,1,115,17,5,57,0.1,0.0,2,no win conditions,4,61,2014-06-22,1,3
2014,1,107,17,65,0,0.2,0.4,0,no win conditions,0,69,2014-06-22,1,3
2014,1,74,16,76,54,0.2,0.2,1,no win conditions,17,22,2014-06-22,1,3
2014,1,24,10,3,67,0.0,0.3,0,no win conditions,56,3,2014-06-23,1,1
2014,1,15,9,8,10,0.4,0.1,2,no win conditions,6,10,2014-06-23,1,1
2014,1,112,9,16,42,0.1,0.3,0,no win conditions,32,17,2014-06-23,1,1
2014,1,140,10,44,12,0.2,0.0,2,no win conditions,34,12,2014-06-23,1,1
2014,1,6,12,15,25,0.0,0.0,1,no win conditions,17,22,2014-06-24,1,5
2014,1,37,11,30,38,0.2,0.1,2,no win conditions,25,42,2014-06-24,1,5
2014,1,90,12,38,77,0.0,0.1,0,no win conditions,63,41,2014-06-24,1,5
2014,1,23,11,41,14,0.1,0.4,0,no win conditions,10,44,2014-06-24,1,5
2014,1,124,15,7,35,0.3,0.1,2,no win conditions,5,38,2014-06-25,1,6
2014,1,115,14,22,27,0.0,0.0,1,no win conditions,17,22,2014-06-25,1,6
2014,1,74,14,32,69,0.0,0.3,0,no win conditions,58,35,2014-06-25,1,6
2014,1,107,15,46,2,0.2,0.3,0,no win conditions,1,50,2014-06-25,1,6
2014,1,24,17,0,57,0.1,0.1,1,no win conditions,17,22,2014-06-26,1,4
2014,1,140,17,65,5,0.0,0.1,0,no win conditions,4,69,2014-06-26,1,4
2014,1,15,16,54,29,0.2,0.1,2,no win conditions,43,32,2014-06-26,1,4
2014,1,112,16,76,28,0.0,0.1,0,no win conditions,23,80,2014-06-26,1,4
2014,1,6,19,8,12,0.1,0.1,2,Brazil won in penalties (3 - 2),6,12,2014-06-28,1,2
2014,1,115,19,14,77,0.2,0.0,2,no win conditions,10,81,2014-06-28,1,2
2014,1,112,19,15,30,0.1,0.1,2,Costa Rica won in penalties (5 - 3),11,33,2014-06-29,1,3
2014,1,37,19,44,42,0.2,0.1,2,no win conditions,34,46,2014-06-29,1,3
2014,1,15,19,27,46,0.2,0.0,2,no win conditions,22,50,2014-06-30,1,1
2014,1,107,19,28,0,0.2,0.1,2,Germany won in AET,23,0,2014-06-30,1,1
2014,1,140,19,2,69,0.1,0.0,2,Argentina won in AET,1,73,2014-07-01,0,5
2014,1,124,19,5,76,0.2,0.1,2,Belgium won in AET,4,80,2014-07-01,0,5
2014,1,37,18,8,14,0.2,0.1,2,no win conditions,6,14,2014-07-04,0,0
2014,1,115,18,27,28,0.0,0.1,0,no win conditions,23,30,2014-07-04,0,0
2014,1,15,18,2,5,0.1,0.0,2,no win conditions,1,5,2014-07-05,0,2
2014,1,124,18,44,15,0.0,0.0,2,Netherlands won in penalties (4 - 3),34,16,2014-07-05,0,2
2014,1,6,20,8,28,0.1,0.5,0,no win conditions,23,8,2014-07-08,0,5
2014,1,140,20,44,2,0.0,0.0,0,Argentina won in penalties (4 - 2),1,48,2014-07-09,0,6
2014,1,15,21,8,44,0.0,0.3,0,no win conditions,34,8,2014-07-12,0,2
2014,1,115,1,28,2,0.1,0.0,2,Germany won in AET,23,2,2014-07-13,0,3
2018,9,85,9,57,58,0.5,0.0,2,no win conditions,46,62,2018-06-14,1,4
2018,9,33,9,23,77,0.0,0.1,0,no win conditions,63,26,2018-06-15,1,0
2018,9,120,10,43,35,0.0,0.1,0,no win conditions,27,47,2018-06-15,1,0
2018,9,134,10,54,67,0.3,0.3,1,no win conditions,17,22,2018-06-15,1,0
2018,9,59,11,27,3,0.2,0.1,2,no win conditions,22,3,2018-06-16,1,2
2018,9,85,12,2,34,0.1,0.1,1,no win conditions,17,22,2018-06-16,1,2
2018,9,129,11,52,19,0.0,0.1,0,no win conditions,16,56,2018-06-16,1,2
2018,9,57,12,16,46,0.2,0.0,2,no win conditions,12,50,2018-06-16,1,2
2018,9,125,14,15,61,0.0,0.1,0,no win conditions,50,16,2018-06-17,1,3
2018,9,85,15,28,42,0.0,0.1,0,no win conditions,32,31,2018-06-17,1,3
2018,9,118,14,8,69,0.1,0.1,1,no win conditions,17,22,2018-06-17,1,3
2018,9,94,15,68,65,0.1,0.0,2,no win conditions,57,69,2018-06-18,1,1
2018,9,134,16,5,50,0.3,0.0,2,no win conditions,4,54,2018-06-18,1,1
2018,9,153,16,72,25,0.1,0.2,0,no win conditions,20,76,2018-06-18,1,1
2018,9,129,17,14,40,0.1,0.2,0,no win conditions,31,14,2018-06-19,1,5
2018,9,85,17,53,60,0.1,0.2,0,no win conditions,49,57,2018-06-19,1,5
2018,9,120,9,57,23,0.3,0.1,2,no win conditions,46,26,2018-06-19,1,5
2018,9,85,10,54,43,0.1,0.0,2,no win conditions,43,47,2018-06-20,1,6
2018,9,118,9,77,58,0.1,0.0,2,no win conditions,63,62,2018-06-20,1,6
2018,9,59,10,35,67,0.0,0.1,0,no win conditions,56,38,2018-06-20,1,6
2018,9,125,11,20,3,0.1,0.1,1,no win conditions,17,22,2018-06-21,1,4
2018,9,33,11,27,52,0.1,0.0,2,no win conditions,22,56,2018-06-21,1,4
2018,9,94,12,2,16,0.0,0.3,0,no win conditions,12,2,2018-06-21,1,4
2018,9,120,14,8,15,0.2,0.0,2,no win conditions,6,16,2018-06-22,1,0
2018,9,153,12,46,34,0.2,0.0,2,no win conditions,35,37,2018-06-22,1,0
2018,9,57,14,61,69,0.1,0.2,0,no win conditions,58,65,2018-06-22,1,0
2018,9,85,16,5,72,0.5,0.2,2,no win conditions,4,76,2018-06-23,1,2
2018,9,118,15,65,42,0.1,0.2,0,no win conditions,32,69,2018-06-23,1,2
2018,9,134,15,28,68,0.2,0.1,2,no win conditions,23,72,2018-06-23,1,2
2018,9,94,16,25,50,0.5,0.1,2,no win conditions,20,54,2018-06-24,1,3
2018,9,33,17,41,60,0.2,0.2,1,no win conditions,17,22,2018-06-24,1,3
2018,9,59,17,53,14,0.0,0.3,0,no win conditions,10,57,2018-06-24,1,3
2018,9,125,9,57,77,0.0,0.3,0,no win conditions,63,61,2018-06-25,1,1
2018,9,153,9,58,23,0.2,0.1,2,no win conditions,47,26,2018-06-25,1,1
2018,9,57,10,67,43,0.2,0.2,1,no win conditions,17,22,2018-06-25,1,1
2018,9,129,10,35,54,0.1,0.1,1,no win conditions,17,22,2018-06-25,1,1
2018,9,134,11,3,52,0.0,0.2,0,no win conditions,40,3,2018-06-26,1,5
2018,9,85,11,20,27,0.0,0.0,1,no win conditions,17,22,2018-06-26,1,5
2018,9,120,12,46,2,0.1,0.2,0,no win conditions,1,50,2018-06-26,1,5
2018,9,118,13,34,16,0.1,0.2,0,no win conditions,12,37,2018-06-26,1,5
2018,9,59,15,65,28,0.2,0.0,2,no win conditions,54,31,2018-06-27,1,6
2018,9,33,15,42,68,0.0,0.3,0,no win conditions,57,46,2018-06-27,1,6
2018,9,85,14,61,8,0.0,0.2,0,no win conditions,6,65,2018-06-27,1,6
2018,9,94,14,69,15,0.2,0.2,1,no win conditions,17,22,2018-06-27,1,6
2018,9,153,17,41,53,0.0,0.1,0,no win conditions,41,44,2018-06-28,1,4
2018,9,125,17,60,14,0.0,0.1,0,no win conditions,10,64,2018-06-28,1,4
2018,9,129,16,50,72,0.1,0.2,0,no win conditions,59,54,2018-06-28,1,4
2018,9,57,16,25,5,0.0,0.1,0,no win conditions,4,28,2018-06-28,1,4
2018,9,59,19,27,2,0.4,0.3,2,no win conditions,22,2,2018-06-30,1,2
2018,9,134,19,77,54,0.2,0.1,2,no win conditions,63,58,2018-06-30,1,2
2018,9,85,19,57,67,0.1,0.1,2,Russia won in penalties (4 - 3),46,71,2018-07-01,0,3
2018,9,94,19,16,19,0.1,0.1,2,Croatia won in penalties (3- 2),12,21,2018-07-01,0,3
2018,9,125,19,8,42,0.2,0.0,2,no win conditions,6,46,2018-07-02,0,1
2018,9,118,19,5,40,0.3,0.2,2,no win conditions,4,44,2018-07-02,0,1
2018,9,120,19,68,69,0.1,0.0,2,no win conditions,57,73,2018-07-03,0,5
2018,9,85,19,14,25,0.1,0.1,0,England won in penalties (4 -3),20,15,2018-07-03,0,5
2018,9,94,18,77,27,0.0,0.2,0,no win conditions,22,81,2018-07-06,0,0
2018,9,59,18,8,5,0.1,0.2,0,no win conditions,4,8,2018-07-06,0,0
2018,9,125,18,68,25,0.0,0.2,0,no win conditions,20,72,2018-07-07,0,2
2018,9,134,18,57,16,0.2,0.2,0,Croatia won in penalties (4 - 3),12,61,2018-07-07,0,2
2018,9,120,20,27,5,0.1,0.0,2,no win conditions,22,5,2018-07-10,0,5
2018,9,85,20,16,25,0.2,0.1,2,Croatia won in AET,12,28,2018-07-11,0,6
2018,9,120,21,5,25,0.2,0.0,2,no win conditions,4,28,2018-07-14,0,2
2018,9,85,1,27,16,0.4,0.2,2,no win conditions,22,17,2018-07-15,0,3
