year,country,city,stage,home_team,away_team,home_score,away_score,outcome,win_conditions,winning_team,losing_team,date,month,dayofweek,Year_Decade,Month
1930,16,83,3,27,42,0.4,0.1,2,48,22,46,1970-01-01 00:00:00.000000000,0,3,1930s,January
1930,16,83,6,5,76,0.0,0.3,0,48,62,5,1970-01-01 00:00:00.000000000,0,3,1930s,January
1930,16,83,4,8,80,0.1,0.2,0,48,66,8,1970-01-01 00:00:00.000000001,0,1,1930s,January
1930,16,83,5,52,56,0.1,0.3,0,48,45,56,1970-01-01 00:00:00.000000001,0,1,1930s,January
1930,16,83,3,2,27,0.1,0.0,2,48,1,30,1970-01-01 00:00:00.000000002,0,5,1930s,January
1930,16,83,3,12,42,0.3,0.0,2,48,9,46,1970-01-01 00:00:00.000000003,0,6,1930s,January
1930,16,83,4,6,80,0.0,0.4,0,48,66,6,1970-01-01 00:00:00.000000004,0,4,1930s,January
1930,16,83,6,51,76,0.0,0.3,0,48,62,55,1970-01-01 00:00:00.000000004,0,4,1930s,January
1930,16,83,5,77,52,0.1,0.0,2,48,63,56,1970-01-01 00:00:00.000000005,0,0,1930s,January
1930,16,83,3,2,42,0.5,0.3,2,48,1,46,1970-01-01 00:00:00.000000006,0,2,1930s,January
1930,16,83,3,12,27,0.1,0.0,2,48,9,30,1970-01-01 00:00:00.000000006,0,2,1930s,January
1930,16,83,6,5,51,0.0,0.1,0,48,39,5,1970-01-01 00:00:00.000000007,0,3,1930s,January
1930,16,83,4,6,8,0.0,0.4,0,48,6,6,1970-01-01 00:00:00.000000007,0,3,1930s,January
1930,16,83,5,77,56,0.4,0.0,2,48,63,60,1970-01-01 00:00:00.000000008,0,1,1930s,January
1930,16,83,3,2,12,0.3,0.1,2,48,1,12,1970-01-01 00:00:00.000000009,0,5,1930s,January
1930,16,83,20,2,76,0.5,0.1,2,48,1,80,1970-01-01 00:00:00.000000010,0,2,1930s,January
1930,16,83,20,77,80,0.5,0.1,2,48,63,84,1970-01-01 00:00:00.000000011,0,3,1930s,January
1930,16,83,1,77,2,0.4,0.2,2,48,63,2,1970-01-01 00:00:00.000000012,0,6,1930s,January
1934,6,12,19,2,68,0.2,0.3,0,48,57,2,1970-01-01 00:00:00.000000013,2,3,1930s,January
1934,6,144,19,4,27,0.3,0.2,2,4,3,30,1970-01-01 00:00:00.000000013,2,3,1930s,January
1934,6,36,19,5,28,0.2,0.5,0,48,23,5,1970-01-01 00:00:00.000000013,2,3,1930s,January
1934,6,43,19,8,67,0.1,0.3,0,48,56,8,1970-01-01 00:00:00.000000013,2,3,1930s,January
1934,6,143,19,19,56,0.2,0.1,2,48,15,60,1970-01-01 00:00:00.000000013,2,3,1930s,January
1934,6,89,19,23,33,0.2,0.4,0,48,26,26,1970-01-01 00:00:00.000000013,2,3,1930s,January
1934,6,116,19,38,76,0.5,0.1,2,48,28,80,1970-01-01 00:00:00.000000013,2,3,1930s,January
1934,6,81,19,44,69,0.2,0.3,0,48,58,48,1970-01-01 00:00:00.000000013,2,3,1930s,January
1934,6,12,18,4,33,0.2,0.1,2,48,3,36,1970-01-01 00:00:00.000000014,2,4,1930s,January
1934,6,144,18,19,69,0.3,0.2,2,48,15,73,1970-01-01 00:00:00.000000014,2,4,1930s,January
1934,6,81,18,28,68,0.2,0.1,2,48,23,72,1970-01-01 00:00:00.000000014,2,4,1930s,January
1934,6,36,18,38,67,0.1,0.1,1,48,17,22,1970-01-01 00:00:00.000000014,2,4,1930s,January
1934,6,36,18,38,67,0.1,0.0,2,48,28,71,1970-01-01 00:00:00.000000015,1,0,1930s,January
1934,6,116,20,19,28,0.3,0.1,2,48,15,31,1970-01-01 00:00:00.000000016,1,3,1930s,January
1934,6,81,20,38,4,0.1,0.0,2,48,28,4,1970-01-01 00:00:00.000000016,1,3,1930s,January
1934,6,89,21,4,28,0.2,0.3,0,48,65,4,1970-01-01 00:00:00.000000017,1,4,1930s,January
1934,6,116,1,38,18,0.2,0.1,2,25,28,20,1970-01-01 00:00:00.000000018,1,3,1930s,January
1938,4,102,19,28,69,0.1,0.1,1,48,17,22,1970-01-01 00:00:00.000000019,1,2,1930s,January
1938,4,136,19,8,53,0.5,0.5,2,7,6,57,1970-01-01 00:00:00.000000020,1,3,1930s,January
1938,4,142,19,17,56,0.3,0.3,1,48,17,22,1970-01-01 00:00:00.000000020,1,3,1930s,January
1938,4,63,19,19,44,0.3,0.0,2,16,15,48,1970-01-01 00:00:00.000000020,1,3,1930s,January
1938,4,22,19,27,5,0.3,0.1,2,48,22,5,1970-01-01 00:00:00.000000020,1,3,1930s,January
1938,4,113,19,33,20,0.5,0.0,2,48,26,23,1970-01-01 00:00:00.000000020,1,3,1930s,January
1938,4,77,19,38,49,0.2,0.1,2,25,28,53,1970-01-01 00:00:00.000000020,1,3,1930s,January
1938,4,142,19,17,56,0.2,0.1,2,48,13,60,1970-01-01 00:00:00.000000021,1,4,1930s,January
1938,4,102,19,28,69,0.2,0.4,0,48,58,31,1970-01-01 00:00:00.000000021,1,4,1930s,January
1938,4,13,18,8,18,0.1,0.1,1,48,17,22,1970-01-01 00:00:00.000000022,1,3,1930s,January
1938,4,1,18,17,68,0.0,0.5,0,48,57,18,1970-01-01 00:00:00.000000022,1,3,1930s,January
1938,4,22,18,27,37,0.1,0.3,0,48,28,30,1970-01-01 00:00:00.000000022,1,3,1930s,January
1938,4,67,18,33,69,0.2,0.0,2,48,26,73,1970-01-01 00:00:00.000000022,1,3,1930s,January
1938,4,13,18,8,18,0.2,0.1,2,48,6,20,1970-01-01 00:00:00.000000023,1,5,1930s,January
1938,4,77,20,8,37,0.1,0.2,0,48,28,8,1970-01-01 00:00:00.000000024,1,4,1930s,January
1938,4,102,20,33,68,0.5,0.1,2,48,26,72,1970-01-01 00:00:00.000000024,1,4,1930s,January
1938,4,13,21,8,68,0.4,0.2,2,48,6,72,1970-01-01 00:00:00.000000025,1,3,1930s,January
1938,4,22,1,33,37,0.2,0.4,0,48,28,36,1970-01-01 00:00:00.000000025,1,3,1930s,January
1950,1,115,3,8,42,0.4,0.0,2,48,6,46,1970-01-01 00:00:00.000000026,1,2,1950s,January
1950,1,115,4,12,25,0.0,0.2,0,48,20,12,1970-01-01 00:00:00.000000027,1,3,1950s,January
1950,1,140,5,38,68,0.2,0.3,0,48,57,41,1970-01-01 00:00:00.000000027,1,3,1950s,January
1950,1,24,4,67,76,0.3,0.1,2,48,56,80,1970-01-01 00:00:00.000000027,1,3,1950s,January
1950,1,6,3,69,80,0.0,0.3,0,48,66,73,1970-01-01 00:00:00.000000027,1,3,1950s,January
1950,1,140,3,8,69,0.2,0.2,1,48,17,22,1970-01-01 00:00:00.000000028,1,6,1950s,January
1950,1,107,3,42,80,0.1,0.4,0,48,66,46,1970-01-01 00:00:00.000000028,1,6,1950s,January
1950,1,115,4,12,67,0.0,0.2,0,48,56,12,1970-01-01 00:00:00.000000029,1,4,1950s,January
1950,1,6,4,25,76,0.0,0.1,0,48,62,28,1970-01-01 00:00:00.000000029,1,4,1950s,January
1950,1,24,5,51,68,0.2,0.2,1,48,17,22,1970-01-01 00:00:00.000000029,1,4,1950s,January
1950,1,115,3,8,80,0.2,0.0,2,48,6,84,1970-01-01 00:00:00.000000030,0,2,1950s,January
1950,1,6,6,6,77,0.0,0.5,0,48,63,6,1970-01-01 00:00:00.000000031,0,3,1950s,January
1950,1,112,4,12,76,0.5,0.2,2,48,9,80,1970-01-01 00:00:00.000000031,0,3,1950s,January
1950,1,115,4,25,67,0.0,0.1,0,48,56,28,1970-01-01 00:00:00.000000031,0,3,1950s,January
1950,1,140,5,38,51,0.2,0.0,2,48,28,55,1970-01-01 00:00:00.000000031,0,3,1950s,January
1950,1,107,3,42,69,0.1,0.2,0,48,58,46,1970-01-01 00:00:00.000000031,0,3,1950s,January
1950,1,115,2,8,68,0.5,0.1,2,48,6,72,1970-01-01 00:00:00.000000032,0,3,1950s,January
1950,1,140,2,67,77,0.2,0.2,1,48,17,22,1970-01-01 00:00:00.000000032,0,3,1950s,January
1950,1,115,2,8,67,0.5,0.1,2,48,6,71,1970-01-01 00:00:00.000000033,0,4,1950s,January
1950,1,140,2,68,77,0.2,0.3,0,48,63,72,1970-01-01 00:00:00.000000033,0,4,1950s,January
1950,1,115,2,8,77,0.1,0.2,0,48,63,8,1970-01-01 00:00:00.000000034,0,3,1950s,January
1950,1,140,2,67,68,0.1,0.3,0,48,57,71,1970-01-01 00:00:00.000000034,0,3,1950s,January
1954,14,158,5,4,59,0.1,0.0,2,48,3,63,1970-01-01 00:00:00.000000035,1,6,1950s,January
1954,14,42,3,8,42,0.5,0.0,2,48,6,46,1970-01-01 00:00:00.000000035,1,6,1950s,January
1954,14,8,5,19,77,0.0,0.2,0,48,63,20,1970-01-01 00:00:00.000000035,1,6,1950s,January
1954,14,62,3,27,80,0.0,0.1,0,48,66,30,1970-01-01 00:00:00.000000035,1,6,1950s,January
1954,14,5,6,5,25,0.4,0.4,1,48,17,22,1970-01-01 00:00:00.000000036,1,4,1950s,January
1954,14,8,4,78,73,0.4,0.1,2,48,65,77,1970-01-01 00:00:00.000000036,1,4,1950s,January
1954,14,158,4,33,65,0.5,0.0,2,48,26,69,1970-01-01 00:00:00.000000036,1,4,1950s,January
1954,14,62,6,69,37,0.2,0.1,2,48,58,41,1970-01-01 00:00:00.000000036,1,4,1950s,January
1954,14,158,5,4,18,0.5,0.0,2,48,3,20,1970-01-01 00:00:00.000000037,1,2,1950s,January
1954,14,62,3,8,80,0.1,0.1,1,48,17,22,1970-01-01 00:00:00.000000037,1,2,1950s,January
1954,14,42,3,27,42,0.3,0.2,2,48,22,46,1970-01-01 00:00:00.000000037,1,2,1950s,January
1954,14,5,5,59,77,0.0,0.5,0,48,63,63,1970-01-01 00:00:00.000000037,1,2,1950s,January
1954,14,70,6,5,37,0.1,0.4,0,48,28,5,1970-01-01 00:00:00.000000038,1,3,1950s,January
1954,14,5,4,78,33,0.3,0.5,0,48,26,83,1970-01-01 00:00:00.000000038,1,3,1950s,January
1954,14,42,4,65,73,0.0,0.5,0,48,60,69,1970-01-01 00:00:00.000000038,1,3,1950s,January
1954,14,8,6,69,25,0.0,0.2,0,48,20,73,1970-01-01 00:00:00.000000038,1,3,1950s,January
1954,14,158,4,78,73,0.5,0.2,2,48,65,77,1970-01-01 00:00:00.000000039,1,6,1950s,January
1954,14,5,6,69,37,0.4,0.1,2,48,58,41,1970-01-01 00:00:00.000000039,1,6,1950s,January
1954,14,5,18,25,77,0.2,0.4,0,48,63,28,1970-01-01 00:00:00.000000040,1,2,1950s,January
1954,14,62,18,69,4,0.5,0.5,0,48,3,73,1970-01-01 00:00:00.000000040,1,2,1950s,January
1954,14,8,18,8,33,0.2,0.4,0,48,26,8,1970-01-01 00:00:00.000000041,1,3,1950s,January
1954,14,42,18,78,80,0.2,0.0,2,48,65,84,1970-01-01 00:00:00.000000041,1,3,1950s,January
1954,14,5,20,4,79,0.1,0.5,0,48,65,4,1970-01-01 00:00:00.000000042,1,6,1950s,January
1954,14,62,20,33,77,0.4,0.2,2,24,26,81,1970-01-01 00:00:00.000000042,1,6,1950s,January
1954,14,158,21,4,77,0.3,0.1,2,48,3,81,1970-01-01 00:00:00.000000043,0,2,1950s,January
1954,14,8,1,78,33,0.3,0.2,2,48,65,36,1970-01-01 00:00:00.000000044,0,3,1950s,January
1958,13,73,3,2,79,0.1,0.3,0,48,65,2,1970-01-01 00:00:00.000000045,1,3,1950s,January
1958,13,145,6,4,8,0.0,0.3,0,48,6,4,1970-01-01 00:00:00.000000045,1,3,1950s,January
1958,13,48,3,19,48,0.0,0.1,0,48,37,20,1970-01-01 00:00:00.000000045,1,3,1950s,January
1958,13,45,6,25,66,0.2,0.2,1,48,17,22,1970-01-01 00:00:00.000000045,1,3,1950s,January
1958,13,95,4,27,51,0.5,0.3,2,48,22,55,1970-01-01 00:00:00.000000045,1,3,1950s,January
1958,13,126,5,33,78,0.1,0.1,1,48,17,22,1970-01-01 00:00:00.000000045,1,3,1950s,January
1958,13,154,4,59,80,0.1,0.1,1,48,17,22,1970-01-01 00:00:00.000000045,1,3,1950s,January
1958,13,135,5,68,42,0.3,0.0,2,48,57,46,1970-01-01 00:00:00.000000045,1,3,1950s,January
1958,13,48,3,2,48,0.3,0.1,2,48,1,52,1970-01-01 00:00:00.000000046,1,6,1950s,January
1958,13,14,6,4,66,0.0,0.2,0,48,55,4,1970-01-01 00:00:00.000000046,1,6,1950s,January
1958,13,45,6,8,25,0.0,0.0,1,48,17,22,1970-01-01 00:00:00.000000046,1,6,1950s,January
1958,13,51,3,19,79,0.2,0.2,1,48,17,22,1970-01-01 00:00:00.000000046,1,6,1950s,January
1958,13,154,4,27,80,0.2,0.3,0,48,66,30,1970-01-01 00:00:00.000000046,1,6,1950s,January
1958,13,135,5,42,78,0.1,0.1,1,48,17,22,1970-01-01 00:00:00.000000046,1,6,1950s,January
1958,13,95,4,51,59,0.3,0.2,2,48,39,63,1970-01-01 00:00:00.000000046,1,6,1950s,January
1958,13,135,5,68,33,0.2,0.1,2,48,57,36,1970-01-01 00:00:00.000000047,1,4,1950s,January
1958,13,51,3,2,18,0.1,0.5,0,48,15,2,1970-01-01 00:00:00.000000048,1,3,1950s,January
1958,13,14,6,4,25,0.2,0.2,1,48,17,22,1970-01-01 00:00:00.000000048,1,3,1950s,January
1958,13,45,6,8,66,0.2,0.0,2,48,6,70,1970-01-01 00:00:00.000000048,1,3,1950s,January
1958,13,159,4,27,59,0.2,0.1,2,48,22,63,1970-01-01 00:00:00.000000048,1,3,1950s,January
1958,13,73,3,78,48,0.2,0.2,1,48,17,22,1970-01-01 00:00:00.000000048,1,3,1950s,January
1958,13,126,5,33,42,0.4,0.0,2,48,26,46,1970-01-01 00:00:00.000000048,1,3,1950s,January
1958,13,35,4,51,80,0.3,0.3,1,48,17,22,1970-01-01 00:00:00.000000048,1,3,1950s,January
1958,13,135,5,68,78,0.0,0.0,1,48,17,22,1970-01-01 00:00:00.000000048,1,3,1950s,January
1958,13,73,3,19,48,0.1,0.2,0,28,37,20,1970-01-01 00:00:00.000000049,1,5,1950s,January
1958,13,45,6,25,66,0.0,0.1,0,48,55,28,1970-01-01 00:00:00.000000049,1,5,1950s,January
1958,13,135,5,33,78,0.1,0.2,0,48,64,36,1970-01-01 00:00:00.000000049,1,5,1950s,January
1958,13,45,18,8,78,0.1,0.0,2,48,6,82,1970-01-01 00:00:00.000000050,1,4,1950s,January
1958,13,95,18,27,48,0.4,0.0,2,48,22,52,1970-01-01 00:00:00.000000050,1,4,1950s,January
1958,13,73,18,78,80,0.1,0.0,2,48,65,84,1970-01-01 00:00:00.000000050,1,4,1950s,January
1958,13,135,18,68,66,0.2,0.0,2,48,57,70,1970-01-01 00:00:00.000000050,1,4,1950s,January
1958,13,135,20,8,27,0.5,0.2,2,48,6,30,1970-01-01 00:00:00.000000051,1,5,1950s,January
1958,13,45,20,68,79,0.3,0.1,2,48,57,83,1970-01-01 00:00:00.000000051,1,5,1950s,January
1958,13,45,21,27,79,0.5,0.3,2,48,22,83,1970-01-01 00:00:00.000000052,1,2,1950s,January
1958,13,135,1,68,8,0.2,0.5,0,48,6,72,1970-01-01 00:00:00.000000053,1,3,1950s,January
1962,2,111,6,2,9,0.1,0.0,2,48,1,9,1970-01-01 00:00:00.000000054,2,6,1960s,January
1962,2,152,5,8,42,0.2,0.0,2,48,6,46,1970-01-01 00:00:00.000000054,2,6,1960s,January
1962,2,127,4,12,69,0.3,0.1,2,48,9,73,1970-01-01 00:00:00.000000054,2,6,1960s,January
1962,2,2,3,14,77,0.1,0.2,0,48,63,14,1970-01-01 00:00:00.000000054,2,6,1960s,January
1962,2,152,5,19,67,0.1,0.0,2,48,15,71,1970-01-01 00:00:00.000000055,2,4,1960s,January
1962,2,111,6,25,33,0.1,0.2,0,48,26,28,1970-01-01 00:00:00.000000055,2,4,1960s,January
1962,2,127,4,78,37,0.0,0.0,1,48,17,22,1970-01-01 00:00:00.000000055,2,4,1960s,January
1962,2,2,3,66,80,0.2,0.0,2,48,55,84,1970-01-01 00:00:00.000000055,2,4,1960s,January
1962,2,111,6,2,25,0.1,0.3,0,48,20,2,1970-01-01 00:00:00.000000056,1,2,1960s,January
1962,2,152,5,8,18,0.0,0.0,1,48,17,22,1970-01-01 00:00:00.000000056,1,2,1960s,January
1962,2,127,4,12,37,0.2,0.0,2,48,9,41,1970-01-01 00:00:00.000000056,1,2,1960s,January
1962,2,2,3,77,80,0.1,0.3,0,48,66,81,1970-01-01 00:00:00.000000056,1,2,1960s,January
1962,2,111,6,9,33,0.1,0.5,0,48,26,9,1970-01-01 00:00:00.000000057,1,3,1960s,January
1962,2,2,3,14,66,0.4,0.4,1,48,17,22,1970-01-01 00:00:00.000000057,1,3,1960s,January
1962,2,127,4,78,69,0.2,0.1,2,48,65,73,1970-01-01 00:00:00.000000057,1,3,1960s,January
1962,2,152,5,42,67,0.0,0.1,0,48,56,46,1970-01-01 00:00:00.000000057,1,3,1960s,January
1962,2,111,6,2,33,0.0,0.0,1,48,17,22,1970-01-01 00:00:00.000000058,1,6,1960s,January
1962,2,152,5,8,67,0.2,0.1,2,48,6,71,1970-01-01 00:00:00.000000058,1,6,1960s,January
1962,2,127,4,12,79,0.0,0.2,0,48,65,12,1970-01-01 00:00:00.000000058,1,6,1960s,January
1962,2,2,3,66,77,0.2,0.1,2,48,55,81,1970-01-01 00:00:00.000000058,1,6,1960s,January
1962,2,111,6,9,25,0.0,0.0,1,48,17,22,1970-01-01 00:00:00.000000059,1,4,1960s,January
1962,2,2,3,14,80,0.0,0.5,0,48,66,14,1970-01-01 00:00:00.000000059,1,4,1960s,January
1962,2,152,5,19,42,0.1,0.3,0,48,32,20,1970-01-01 00:00:00.000000059,1,4,1960s,January
1962,2,127,4,38,69,0.3,0.0,2,48,28,73,1970-01-01 00:00:00.000000059,1,4,1960s,January
1962,2,152,18,8,25,0.3,0.1,2,48,6,28,1970-01-01 00:00:00.000000060,1,3,1960s,January
1962,2,2,18,12,66,0.2,0.1,2,48,9,70,1970-01-01 00:00:00.000000060,1,3,1960s,January
1962,2,111,18,19,33,0.1,0.0,2,48,15,36,1970-01-01 00:00:00.000000060,1,3,1960s,January
1962,2,127,18,78,80,0.0,0.1,0,48,66,83,1970-01-01 00:00:00.000000060,1,3,1960s,January
1962,2,127,20,12,8,0.2,0.4,0,48,6,12,1970-01-01 00:00:00.000000061,1,6,1960s,January
1962,2,152,20,19,80,0.3,0.1,2,48,15,84,1970-01-01 00:00:00.000000061,1,6,1960s,January
1962,2,127,21,12,80,0.1,0.0,2,48,9,84,1970-01-01 00:00:00.000000062,1,2,1960s,January
1962,2,127,1,8,18,0.3,0.1,2,48,6,20,1970-01-01 00:00:00.000000063,1,3,1960s,January
1966,3,69,3,25,77,0.0,0.0,1,48,17,22,1970-01-01 00:00:00.000000064,0,1,1960s,January
1966,3,68,5,8,9,0.2,0.0,2,48,6,9,1970-01-01 00:00:00.000000065,0,5,1960s,January
1966,3,133,4,78,69,0.5,0.0,2,48,65,73,1970-01-01 00:00:00.000000065,0,5,1960s,January
1966,3,80,6,47,66,0.0,0.3,0,48,55,51,1970-01-01 00:00:00.000000065,0,5,1960s,January
1966,3,10,4,2,67,0.2,0.1,2,48,1,71,1970-01-01 00:00:00.000000066,0,6,1960s,January
1966,3,138,6,12,37,0.0,0.2,0,48,28,12,1970-01-01 00:00:00.000000066,0,6,1960s,January
1966,3,69,3,27,42,0.1,0.1,1,48,17,22,1970-01-01 00:00:00.000000066,0,6,1960s,January
1966,3,75,5,33,54,0.1,0.3,0,48,43,36,1970-01-01 00:00:00.000000066,0,6,1960s,January
1966,3,68,5,8,33,0.1,0.3,0,48,26,8,1970-01-01 00:00:00.000000067,0,0,1960s,January
1966,3,80,6,12,47,0.1,0.1,1,48,17,22,1970-01-01 00:00:00.000000067,0,0,1960s,January
1966,3,69,3,27,77,0.1,0.2,0,48,63,30,1970-01-01 00:00:00.000000067,0,0,1960s,January
1966,3,133,4,67,69,0.2,0.1,2,48,56,73,1970-01-01 00:00:00.000000067,0,0,1960s,January
1966,3,10,4,2,79,0.0,0.0,1,48,17,22,1970-01-01 00:00:00.000000068,0,2,1960s,January
1966,3,75,5,9,54,0.0,0.3,0,48,43,9,1970-01-01 00:00:00.000000068,0,2,1960s,January
1966,3,69,3,25,42,0.2,0.0,2,48,20,46,1970-01-01 00:00:00.000000068,0,2,1960s,January
1966,3,138,6,38,66,0.0,0.1,0,48,55,41,1970-01-01 00:00:00.000000068,0,2,1960s,January
1966,3,133,4,2,69,0.2,0.0,2,48,1,73,1970-01-01 00:00:00.000000069,0,5,1960s,January
1966,3,68,5,8,54,0.1,0.3,0,48,43,8,1970-01-01 00:00:00.000000069,0,5,1960s,January
1966,3,80,6,38,47,0.0,0.1,0,48,36,41,1970-01-01 00:00:00.000000069,0,5,1960s,January
1966,3,69,3,42,77,0.0,0.0,1,48,17,22,1970-01-01 00:00:00.000000069,0,5,1960s,January
1966,3,75,5,9,33,0.1,0.3,0,48,26,9,1970-01-01 00:00:00.000000070,0,6,1960s,January
1966,3,138,6,12,66,0.1,0.2,0,48,55,12,1970-01-01 00:00:00.000000070,0,6,1960s,January
1966,3,69,3,25,27,0.2,0.0,2,48,20,30,1970-01-01 00:00:00.000000070,0,6,1960s,January
1966,3,10,4,78,67,0.2,0.1,2,48,65,71,1970-01-01 00:00:00.000000070,0,6,1960s,January
1966,3,69,18,25,2,0.1,0.0,2,48,20,2,1970-01-01 00:00:00.000000071,0,2,1960s,January
1966,3,133,18,78,77,0.4,0.0,2,48,65,81,1970-01-01 00:00:00.000000071,0,2,1960s,January
1966,3,138,18,33,66,0.1,0.2,0,48,55,36,1970-01-01 00:00:00.000000071,0,2,1960s,January
1966,3,68,18,47,54,0.3,0.5,0,48,43,51,1970-01-01 00:00:00.000000071,0,2,1960s,January
1966,3,68,20,78,66,0.2,0.1,2,48,65,70,1970-01-01 00:00:00.000000072,0,1,1960s,January
1966,3,69,20,25,54,0.2,0.1,2,48,20,58,1970-01-01 00:00:00.000000073,0,5,1960s,January
1966,3,69,21,54,66,0.2,0.1,2,48,43,70,1970-01-01 00:00:00.000000074,0,4,1960s,January
1966,3,69,1,25,79,0.4,0.2,2,17,20,83,1970-01-01 00:00:00.000000075,0,2,1960s,January
1970,8,79,3,42,66,0.0,0.0,1,48,17,22,1970-01-01 00:00:00.000000076,2,3,1970s,January
1970,8,66,6,9,52,0.2,0.3,0,48,40,9,1970-01-01 00:00:00.000000077,1,5,1970s,January
1970,8,46,5,25,56,0.1,0.0,2,48,20,60,1970-01-01 00:00:00.000000077,1,5,1970s,January
1970,8,109,4,37,77,0.0,0.2,0,48,63,40,1970-01-01 00:00:00.000000077,1,5,1970s,January
1970,8,79,3,5,24,0.3,0.0,2,48,4,27,1970-01-01 00:00:00.000000078,1,6,1970s,January
1970,8,46,5,8,18,0.4,0.1,2,48,6,20,1970-01-01 00:00:00.000000078,1,6,1970s,January
1970,8,66,6,78,43,0.2,0.1,2,48,65,47,1970-01-01 00:00:00.000000078,1,6,1970s,January
1970,8,141,4,38,68,0.1,0.0,2,48,28,72,1970-01-01 00:00:00.000000078,1,6,1970s,January
1970,8,79,3,5,66,0.1,0.4,0,48,55,5,1970-01-01 00:00:00.000000079,1,2,1970s,January
1970,8,46,5,19,56,0.1,0.2,0,48,45,20,1970-01-01 00:00:00.000000079,1,2,1970s,January
1970,8,109,4,38,77,0.0,0.0,1,48,17,22,1970-01-01 00:00:00.000000079,1,2,1970s,January
1970,8,66,6,43,52,0.0,0.3,0,48,40,47,1970-01-01 00:00:00.000000079,1,2,1970s,January
1970,8,46,5,8,25,0.1,0.0,2,48,6,28,1970-01-01 00:00:00.000000080,1,3,1970s,January
1970,8,66,6,9,79,0.2,0.5,0,48,65,9,1970-01-01 00:00:00.000000080,1,3,1970s,January
1970,8,141,4,37,68,0.1,0.1,1,48,17,22,1970-01-01 00:00:00.000000080,1,3,1970s,January
1970,8,79,3,42,24,0.4,0.0,2,48,32,27,1970-01-01 00:00:00.000000080,1,3,1970s,January
1970,8,46,5,8,56,0.3,0.2,2,48,6,60,1970-01-01 00:00:00.000000081,1,6,1970s,January
1970,8,79,3,24,66,0.0,0.2,0,48,55,27,1970-01-01 00:00:00.000000081,1,6,1970s,January
1970,8,66,6,78,52,0.3,0.1,2,48,65,56,1970-01-01 00:00:00.000000081,1,6,1970s,January
1970,8,109,4,68,77,0.1,0.0,2,48,57,81,1970-01-01 00:00:00.000000081,1,6,1970s,January
1970,8,66,6,9,43,0.1,0.1,1,48,17,22,1970-01-01 00:00:00.000000082,1,4,1970s,January
1970,8,46,5,19,25,0.0,0.1,0,48,20,20,1970-01-01 00:00:00.000000082,1,4,1970s,January
1970,8,141,4,37,37,0.0,0.0,1,48,17,22,1970-01-01 00:00:00.000000082,1,4,1970s,January
1970,8,79,3,42,5,0.1,0.0,2,48,32,5,1970-01-01 00:00:00.000000082,1,4,1970s,January
1970,8,46,18,8,52,0.4,0.2,2,48,6,56,1970-01-01 00:00:00.000000083,1,3,1970s,January
1970,8,66,18,25,79,0.2,0.3,0,43,65,28,1970-01-01 00:00:00.000000083,1,3,1970s,January
1970,8,141,18,42,37,0.1,0.4,0,48,28,46,1970-01-01 00:00:00.000000083,1,3,1970s,January
1970,8,79,18,66,77,0.0,0.1,0,41,63,70,1970-01-01 00:00:00.000000083,1,3,1970s,January
1970,8,46,20,8,77,0.3,0.1,2,48,6,81,1970-01-01 00:00:00.000000084,1,6,1970s,January
1970,8,79,20,78,37,0.3,0.4,0,25,28,83,1970-01-01 00:00:00.000000084,1,6,1970s,January
1970,8,79,21,78,77,0.1,0.0,2,48,65,81,1970-01-01 00:00:00.000000085,1,2,1970s,January
1970,8,79,1,8,37,0.4,0.1,2,48,6,41,1970-01-01 00:00:00.000000086,1,3,1970s,January
1974,5,39,4,8,80,0.0,0.0,1,48,17,22,1970-01-01 00:00:00.000000087,1,4,1970s,January
1974,5,29,4,80,59,0.0,0.2,0,48,48,85,1970-01-01 00:00:00.000000088,1,0,1970s,January
1974,5,49,3,21,3,0.2,0.0,2,48,18,3,1970-01-01 00:00:00.000000088,1,0,1970s,January
1974,5,7,3,78,12,0.1,0.0,2,48,65,12,1970-01-01 00:00:00.000000088,1,0,1970s,January
1974,5,86,6,38,31,0.3,0.1,2,48,28,34,1970-01-01 00:00:00.000000089,1,2,1970s,January
1974,5,137,6,53,2,0.3,0.2,2,48,41,2,1970-01-01 00:00:00.000000089,1,2,1970s,January
1974,5,31,5,68,9,0.0,0.0,1,48,17,22,1970-01-01 00:00:00.000000089,1,2,1970s,January
1974,5,50,5,77,44,0.0,0.2,0,48,34,81,1970-01-01 00:00:00.000000089,1,2,1970s,January
1974,5,7,3,12,21,0.1,0.1,1,48,17,22,1970-01-01 00:00:00.000000090,1,5,1970s,January
1974,5,49,3,78,3,0.3,0.0,2,48,65,3,1970-01-01 00:00:00.000000090,1,5,1970s,January
1974,5,39,4,59,8,0.0,0.0,1,48,17,22,1970-01-01 00:00:00.000000090,1,5,1970s,January
1974,5,41,4,79,81,0.5,0.0,2,48,66,85,1970-01-01 00:00:00.000000090,1,5,1970s,January
1974,5,137,6,2,37,0.1,0.1,1,48,17,22,1970-01-01 00:00:00.000000091,1,6,1970s,January
1974,5,50,5,9,77,0.1,0.1,1,48,17,22,1970-01-01 00:00:00.000000091,1,6,1970s,January
1974,5,86,6,31,53,0.0,0.5,0,48,41,34,1970-01-01 00:00:00.000000091,1,6,1970s,January
1974,5,29,5,44,68,0.0,0.0,1,48,17,22,1970-01-01 00:00:00.000000091,1,6,1970s,January
1974,5,7,3,3,12,0.0,0.0,1,48,17,22,1970-01-01 00:00:00.000000092,1,2,1970s,January
1974,5,41,4,80,8,0.0,0.3,0,48,6,85,1970-01-01 00:00:00.000000092,1,2,1970s,January
1974,5,49,3,78,21,0.0,0.1,0,48,18,83,1970-01-01 00:00:00.000000092,1,2,1970s,January
1974,5,39,4,59,80,0.1,0.1,1,48,17,22,1970-01-01 00:00:00.000000092,1,2,1970s,January
1974,5,86,6,2,31,0.4,0.1,2,48,1,34,1970-01-01 00:00:00.000000093,1,3,1970s,January
1974,5,29,5,9,44,0.1,0.4,0,48,34,9,1970-01-01 00:00:00.000000093,1,3,1970s,January
1974,5,137,6,53,37,0.2,0.1,2,48,41,41,1970-01-01 00:00:00.000000093,1,3,1970s,January
1974,5,31,5,68,77,0.3,0.0,2,48,57,81,1970-01-01 00:00:00.000000093,1,3,1970s,January
1974,5,50,9,8,21,0.1,0.0,2,48,6,24,1970-01-01 00:00:00.000000094,1,6,1970s,January
1974,5,31,10,78,80,0.2,0.0,2,48,65,84,1970-01-01 00:00:00.000000094,1,6,1970s,January
1974,5,41,9,44,2,0.4,0.0,2,48,34,2,1970-01-01 00:00:00.000000094,1,6,1970s,January
1974,5,137,10,68,53,0.0,0.1,0,48,41,72,1970-01-01 00:00:00.000000094,1,6,1970s,January
1974,5,50,9,2,8,0.1,0.2,0,48,6,2,1970-01-01 00:00:00.000000095,1,3,1970s,January
1974,5,41,9,21,44,0.0,0.2,0,48,34,83,1970-01-01 00:00:00.000000095,1,3,1970s,January
1974,5,31,10,78,68,0.4,0.2,2,48,65,72,1970-01-01 00:00:00.000000095,1,3,1970s,January
1974,5,39,10,53,80,0.2,0.1,2,48,41,84,1970-01-01 00:00:00.000000095,1,3,1970s,January
1974,5,41,9,2,21,0.1,0.1,1,48,17,22,1970-01-01 00:00:00.000000096,0,6,1970s,January
1974,5,39,10,78,53,0.1,0.0,2,48,65,57,1970-01-01 00:00:00.000000096,0,6,1970s,January
1974,5,29,9,44,8,0.2,0.0,2,48,34,8,1970-01-01 00:00:00.000000096,0,6,1970s,January
1974,5,31,10,68,80,0.2,0.1,2,48,57,84,1970-01-01 00:00:00.000000096,0,6,1970s,January
1974,5,86,21,8,53,0.0,0.1,0,48,41,8,1970-01-01 00:00:00.000000097,0,2,1970s,January
1974,5,86,1,78,44,0.2,0.1,2,48,65,48,1970-01-01 00:00:00.000000098,0,3,1970s,January
1978,0,16,4,78,53,0.0,0.0,1,48,17,22,1970-01-01 00:00:00.000000099,1,4,1970s,January
1978,0,16,3,2,33,0.2,0.1,2,48,1,36,1970-01-01 00:00:00.000000100,1,0,1970s,January
1978,0,76,3,27,37,0.1,0.2,0,48,28,30,1970-01-01 00:00:00.000000100,1,0,1970s,January
1978,0,117,4,42,72,0.1,0.3,0,48,59,46,1970-01-01 00:00:00.000000100,1,0,1970s,January
1978,0,16,5,4,67,0.2,0.1,2,48,3,71,1970-01-01 00:00:00.000000101,1,2,1970s,January
1978,0,76,5,8,68,0.1,0.1,1,48,17,22,1970-01-01 00:00:00.000000101,1,2,1970s,January
1978,0,78,6,35,44,0.0,0.3,0,48,34,38,1970-01-01 00:00:00.000000101,1,2,1970s,January
1978,0,25,6,52,59,0.3,0.1,2,48,40,63,1970-01-01 00:00:00.000000101,1,2,1970s,January
1978,0,16,3,2,27,0.2,0.1,2,48,1,30,1970-01-01 00:00:00.000000102,1,5,1970s,January
1978,0,25,4,78,42,0.5,0.0,2,48,65,46,1970-01-01 00:00:00.000000102,1,5,1970s,January
1978,0,76,3,33,37,0.1,0.3,0,48,28,36,1970-01-01 00:00:00.000000102,1,5,1970s,January
1978,0,117,4,53,72,0.1,0.0,2,48,41,76,1970-01-01 00:00:00.000000102,1,5,1970s,January
1978,0,16,5,4,68,0.1,0.0,2,48,3,72,1970-01-01 00:00:00.000000103,1,6,1970s,January
1978,0,76,5,8,67,0.0,0.0,1,48,17,22,1970-01-01 00:00:00.000000103,1,6,1970s,January
1978,0,25,6,35,59,0.1,0.1,1,48,17,22,1970-01-01 00:00:00.000000103,1,6,1970s,January
1978,0,78,6,44,52,0.0,0.0,1,48,17,22,1970-01-01 00:00:00.000000103,1,6,1970s,January
1978,0,16,3,2,37,0.0,0.1,0,48,28,2,1970-01-01 00:00:00.000000104,1,2,1970s,January
1978,0,76,3,27,33,0.3,0.1,2,48,22,36,1970-01-01 00:00:00.000000104,1,2,1970s,January
1978,0,25,4,78,72,0.0,0.0,1,48,17,22,1970-01-01 00:00:00.000000104,1,2,1970s,January
1978,0,117,4,42,53,0.1,0.3,0,48,41,46,1970-01-01 00:00:00.000000104,1,2,1970s,January
1978,0,76,5,4,8,0.0,0.1,0,48,6,4,1970-01-01 00:00:00.000000105,1,3,1970s,January
1978,0,25,6,35,52,0.1,0.4,0,48,40,38,1970-01-01 00:00:00.000000105,1,3,1970s,January
1978,0,78,6,44,59,0.2,0.3,0,48,48,48,1970-01-01 00:00:00.000000105,1,3,1970s,January
1978,0,16,5,67,68,0.1,0.0,2,48,56,72,1970-01-01 00:00:00.000000105,1,3,1970s,January
1978,0,117,10,2,53,0.2,0.0,2,48,1,57,1970-01-01 00:00:00.000000106,1,6,1970s,January
1978,0,25,9,4,44,0.1,0.5,0,48,34,4,1970-01-01 00:00:00.000000106,1,6,1970s,January
1978,0,78,10,8,52,0.3,0.0,2,48,6,56,1970-01-01 00:00:00.000000106,1,6,1970s,January
1978,0,16,9,78,37,0.0,0.0,1,48,17,22,1970-01-01 00:00:00.000000106,1,6,1970s,January
1978,0,117,10,2,8,0.0,0.0,1,48,17,22,1970-01-01 00:00:00.000000107,1,3,1970s,January
1978,0,16,9,4,37,0.0,0.1,0,48,28,4,1970-01-01 00:00:00.000000107,1,3,1970s,January
1978,0,25,9,78,44,0.2,0.2,1,48,17,22,1970-01-01 00:00:00.000000107,1,3,1970s,January
1978,0,78,10,52,53,0.0,0.1,0,48,41,56,1970-01-01 00:00:00.000000107,1,3,1970s,January
1978,0,117,10,2,52,0.5,0.0,2,48,1,56,1970-01-01 00:00:00.000000108,1,6,1970s,January
1978,0,25,9,4,79,0.3,0.2,2,48,3,83,1970-01-01 00:00:00.000000108,1,6,1970s,January
1978,0,78,10,8,53,0.3,0.1,2,48,6,57,1970-01-01 00:00:00.000000108,1,6,1970s,January
1978,0,16,9,38,44,0.1,0.2,0,48,34,41,1970-01-01 00:00:00.000000108,1,6,1970s,January
1978,0,16,21,8,37,0.2,0.1,2,48,6,41,1970-01-01 00:00:00.000000109,1,2,1970s,January
1978,0,16,1,2,44,0.3,0.1,2,0,1,48,1970-01-01 00:00:00.000000110,1,3,1970s,January
1982,12,3,5,2,5,0.0,0.1,0,48,4,2,1970-01-01 00:00:00.000000111,1,3,1980s,January
1982,12,132,8,8,66,0.2,0.1,2,48,6,70,1970-01-01 00:00:00.000000112,1,1,1980s,January
1982,12,151,3,38,53,0.0,0.0,1,48,17,22,1970-01-01 00:00:00.000000112,1,1,1980s,January
1982,12,34,5,33,24,0.5,0.1,2,48,26,27,1970-01-01 00:00:00.000000113,1,5,1980s,January
1982,12,61,3,52,10,0.0,0.0,1,48,17,22,1970-01-01 00:00:00.000000113,1,5,1980s,January
1982,12,87,8,59,45,0.5,0.2,2,48,48,49,1970-01-01 00:00:00.000000113,1,5,1980s,January
1982,12,9,6,25,27,0.3,0.1,2,48,20,30,1970-01-01 00:00:00.000000114,1,6,1980s,January
1982,12,44,4,78,0,0.1,0.2,0,48,0,83,1970-01-01 00:00:00.000000114,1,6,1980s,January
1982,12,148,7,67,32,0.1,0.1,1,48,17,22,1970-01-01 00:00:00.000000114,1,6,1980s,January
1982,12,99,4,12,4,0.0,0.1,0,48,3,12,1970-01-01 00:00:00.000000115,1,4,1980s,January
1982,12,149,6,19,41,0.1,0.1,1,48,17,22,1970-01-01 00:00:00.000000115,1,4,1980s,January
1982,12,157,7,79,48,0.0,0.0,1,48,17,22,1970-01-01 00:00:00.000000115,1,4,1980s,January
1982,12,0,5,2,33,0.4,0.1,2,48,1,36,1970-01-01 00:00:00.000000116,1,0,1980s,January
1982,12,132,8,8,59,0.4,0.1,2,48,6,63,1970-01-01 00:00:00.000000116,1,0,1980s,January
1982,12,151,3,38,52,0.1,0.1,1,48,17,22,1970-01-01 00:00:00.000000116,1,0,1980s,January
1982,12,34,5,5,24,0.1,0.0,2,48,4,27,1970-01-01 00:00:00.000000117,1,2,1980s,January
1982,12,61,3,53,10,0.0,0.0,1,48,17,22,1970-01-01 00:00:00.000000117,1,2,1980s,January
1982,12,87,8,66,45,0.3,0.0,2,48,55,49,1970-01-01 00:00:00.000000117,1,2,1980s,January
1982,12,9,6,25,18,0.2,0.0,2,48,20,20,1970-01-01 00:00:00.000000118,1,3,1980s,January
1982,12,44,4,78,12,0.4,0.1,2,48,65,12,1970-01-01 00:00:00.000000118,1,3,1980s,January
1982,12,148,7,67,80,0.2,0.1,2,48,56,84,1970-01-01 00:00:00.000000118,1,3,1980s,January
1982,12,99,4,0,4,0.0,0.2,0,48,3,0,1970-01-01 00:00:00.000000119,1,1,1980s,January
1982,12,149,6,27,41,0.4,0.1,2,48,22,45,1970-01-01 00:00:00.000000119,1,1,1980s,January
1982,12,157,7,32,48,0.1,0.1,1,48,17,22,1970-01-01 00:00:00.000000119,1,1,1980s,January
1982,12,34,5,5,33,0.1,0.1,1,48,17,22,1970-01-01 00:00:00.000000120,1,5,1980s,January
1982,12,61,3,53,52,0.5,0.1,2,48,41,56,1970-01-01 00:00:00.000000120,1,5,1980s,January
1982,12,87,8,66,59,0.2,0.2,1,48,17,22,1970-01-01 00:00:00.000000120,1,5,1980s,January
1982,12,0,5,2,24,0.2,0.0,2,48,1,27,1970-01-01 00:00:00.000000121,1,6,1980s,January
1982,12,132,8,8,45,0.4,0.0,2,48,6,49,1970-01-01 00:00:00.000000121,1,6,1980s,January
1982,12,151,3,38,10,0.1,0.1,1,48,17,22,1970-01-01 00:00:00.000000121,1,6,1980s,January
1982,12,99,4,0,12,0.3,0.2,2,48,0,12,1970-01-01 00:00:00.000000122,1,4,1980s,January
1982,12,149,6,27,18,0.1,0.1,1,48,17,22,1970-01-01 00:00:00.000000122,1,4,1980s,January
1982,12,157,7,32,80,0.0,0.1,0,48,66,35,1970-01-01 00:00:00.000000122,1,4,1980s,January
1982,12,9,6,25,41,0.1,0.0,2,48,20,45,1970-01-01 00:00:00.000000123,1,0,1980s,January
1982,12,44,4,78,4,0.1,0.0,2,48,65,4,1970-01-01 00:00:00.000000123,1,0,1980s,January
1982,12,148,7,67,48,0.0,0.1,0,48,37,71,1970-01-01 00:00:00.000000123,1,0,1980s,January
1982,12,72,12,4,27,0.0,0.1,0,48,22,4,1970-01-01 00:00:00.000000124,1,1,1980s,January
1982,12,3,9,53,5,0.3,0.0,2,48,41,5,1970-01-01 00:00:00.000000124,1,1,1980s,January
1982,12,72,10,78,25,0.0,0.0,1,48,17,22,1970-01-01 00:00:00.000000125,1,5,1980s,January
1982,12,3,11,38,2,0.2,0.1,2,48,28,2,1970-01-01 00:00:00.000000125,1,5,1980s,January
1982,12,72,12,4,48,0.2,0.2,1,48,17,22,1970-01-01 00:00:00.000000126,0,4,1980s,January
1982,12,3,9,5,66,0.0,0.1,0,48,55,5,1970-01-01 00:00:00.000000126,0,4,1980s,January
1982,12,3,11,2,8,0.1,0.3,0,48,6,2,1970-01-01 00:00:00.000000127,0,0,1980s,January
1982,12,72,10,67,79,0.1,0.2,0,48,65,71,1970-01-01 00:00:00.000000127,0,0,1980s,January
1982,12,72,12,27,48,0.4,0.1,2,48,22,52,1970-01-01 00:00:00.000000128,0,3,1980s,January
1982,12,3,9,53,66,0.0,0.0,1,48,17,22,1970-01-01 00:00:00.000000128,0,3,1980s,January
1982,12,3,11,38,8,0.3,0.2,2,48,28,8,1970-01-01 00:00:00.000000129,0,1,1980s,January
1982,12,72,10,67,25,0.0,0.0,1,48,17,22,1970-01-01 00:00:00.000000129,0,1,1980s,January
1982,12,132,20,78,27,0.3,0.3,2,46,65,30,1970-01-01 00:00:00.000000130,0,4,1980s,January
1982,12,3,20,53,37,0.0,0.2,0,48,28,57,1970-01-01 00:00:00.000000130,0,4,1980s,January
1982,12,0,21,53,27,0.3,0.2,2,48,41,30,1970-01-01 00:00:00.000000131,0,2,1980s,January
1982,12,72,1,38,79,0.3,0.1,2,48,28,83,1970-01-01 00:00:00.000000132,0,3,1980s,January
1986,8,79,9,9,37,0.1,0.1,1,48,17,22,1970-01-01 00:00:00.000000133,2,2,1980s,January
1986,8,66,11,11,27,0.0,0.1,0,48,22,11,1970-01-01 00:00:00.000000134,1,3,1980s,January
1986,8,46,12,67,8,0.0,0.1,0,48,6,71,1970-01-01 00:00:00.000000134,1,3,1980s,January
1986,8,79,9,2,65,0.3,0.1,2,48,1,69,1970-01-01 00:00:00.000000135,1,1,1980s,January
1986,8,82,15,43,53,0.0,0.0,1,48,17,22,1970-01-01 00:00:00.000000135,1,1,1980s,January
1986,8,53,11,66,33,0.5,0.0,2,48,55,36,1970-01-01 00:00:00.000000135,1,1,1980s,January
1986,8,46,12,0,48,0.1,0.1,1,48,17,22,1970-01-01 00:00:00.000000136,1,5,1980s,January
1986,8,79,10,42,5,0.2,0.1,2,48,32,5,1970-01-01 00:00:00.000000136,1,5,1980s,January
1986,8,82,15,54,25,0.1,0.0,2,48,43,28,1970-01-01 00:00:00.000000136,1,5,1980s,January
1986,8,141,10,51,36,0.1,0.0,2,48,39,39,1970-01-01 00:00:00.000000137,1,6,1980s,January
1986,8,92,14,59,19,0.0,0.1,0,48,16,63,1970-01-01 00:00:00.000000137,1,6,1980s,January
1986,8,110,14,77,79,0.1,0.1,1,48,17,22,1970-01-01 00:00:00.000000137,1,6,1980s,January
1986,8,66,11,27,66,0.1,0.1,1,48,17,22,1970-01-01 00:00:00.000000138,1,4,1980s,January
1986,8,109,9,38,2,0.1,0.1,1,48,17,22,1970-01-01 00:00:00.000000138,1,4,1980s,January
1986,8,79,9,65,9,0.1,0.1,1,48,17,22,1970-01-01 00:00:00.000000138,1,4,1980s,January
1986,8,46,12,8,0,0.1,0.0,2,48,6,0,1970-01-01 00:00:00.000000139,1,0,1980s,January
1986,8,82,15,25,43,0.0,0.0,1,48,17,22,1970-01-01 00:00:00.000000139,1,0,1980s,January
1986,8,53,11,33,11,0.2,0.0,2,48,26,11,1970-01-01 00:00:00.000000139,1,0,1980s,January
1986,8,79,10,42,51,0.1,0.1,1,48,17,22,1970-01-01 00:00:00.000000140,1,2,1980s,January
1986,8,46,12,48,67,0.1,0.2,0,48,56,52,1970-01-01 00:00:00.000000140,1,2,1980s,January
1986,8,82,15,53,54,0.1,0.0,2,48,41,58,1970-01-01 00:00:00.000000140,1,2,1980s,January
1986,8,92,14,20,77,0.5,0.1,2,48,16,81,1970-01-01 00:00:00.000000141,1,3,1980s,January
1986,8,110,14,78,59,0.2,0.1,2,48,65,63,1970-01-01 00:00:00.000000141,1,3,1980s,January
1986,8,141,10,36,5,0.1,0.2,0,48,4,39,1970-01-01 00:00:00.000000141,1,3,1980s,January
1986,8,66,11,33,27,0.0,0.3,0,48,22,36,1970-01-01 00:00:00.000000142,1,1,1980s,January
1986,8,53,11,66,11,0.2,0.0,2,48,55,11,1970-01-01 00:00:00.000000142,1,1,1980s,January
1986,8,79,9,2,9,0.2,0.0,2,48,1,9,1970-01-01 00:00:00.000000143,1,5,1980s,January
1986,8,109,9,65,37,0.2,0.3,0,48,28,69,1970-01-01 00:00:00.000000143,1,5,1980s,January
1986,8,82,15,25,53,0.3,0.0,2,48,20,57,1970-01-01 00:00:00.000000144,1,6,1980s,January
1986,8,79,10,42,36,0.1,0.0,2,48,32,39,1970-01-01 00:00:00.000000144,1,6,1980s,January
1986,8,141,10,51,5,0.2,0.2,1,48,17,22,1970-01-01 00:00:00.000000144,1,6,1980s,January
1986,8,46,15,54,43,0.1,0.3,0,48,33,58,1970-01-01 00:00:00.000000144,1,6,1980s,January
1986,8,82,12,0,67,0.0,0.3,0,48,56,0,1970-01-01 00:00:00.000000145,1,4,1980s,January
1986,8,46,12,48,8,0.0,0.3,0,48,6,52,1970-01-01 00:00:00.000000145,1,4,1980s,January
1986,8,110,14,20,79,0.2,0.0,2,48,16,83,1970-01-01 00:00:00.000000146,1,0,1980s,January
1986,8,92,14,59,77,0.0,0.0,1,48,17,22,1970-01-01 00:00:00.000000146,1,0,1980s,January
1986,8,79,19,42,9,0.2,0.0,2,48,32,9,1970-01-01 00:00:00.000000147,1,3,1980s,January
1986,8,66,19,66,5,0.3,0.4,0,5,4,70,1970-01-01 00:00:00.000000147,1,3,1980s,January
1986,8,109,19,2,77,0.1,0.0,2,48,1,81,1970-01-01 00:00:00.000000148,1,1,1980s,January
1986,8,46,19,8,53,0.4,0.0,2,48,6,57,1970-01-01 00:00:00.000000148,1,1,1980s,January
1986,8,79,19,38,27,0.0,0.2,0,48,22,41,1970-01-01 00:00:00.000000149,1,5,1980s,January
1986,8,82,19,43,79,0.0,0.1,0,48,65,47,1970-01-01 00:00:00.000000149,1,5,1980s,January
1986,8,110,19,20,67,0.1,0.5,0,48,56,21,1970-01-01 00:00:00.000000150,1,6,1980s,January
1986,8,79,19,25,51,0.3,0.0,2,48,20,55,1970-01-01 00:00:00.000000150,1,6,1980s,January
1986,8,46,18,8,27,0.1,0.1,0,20,22,8,1970-01-01 00:00:00.000000151,1,2,1980s,January
1986,8,82,18,42,79,0.0,0.0,0,44,65,46,1970-01-01 00:00:00.000000151,1,2,1980s,January
1986,8,79,18,2,25,0.2,0.1,2,48,1,28,1970-01-01 00:00:00.000000152,1,3,1980s,January
1986,8,109,18,67,5,0.1,0.1,0,6,4,71,1970-01-01 00:00:00.000000152,1,3,1980s,January
1986,8,79,20,2,5,0.2,0.0,2,48,1,5,1970-01-01 00:00:00.000000153,1,6,1980s,January
1986,8,46,20,27,79,0.0,0.2,0,48,65,30,1970-01-01 00:00:00.000000153,1,6,1980s,January
1986,8,109,21,27,5,0.4,0.2,2,19,22,5,1970-01-01 00:00:00.000000154,1,2,1980s,January
1986,8,79,1,2,79,0.3,0.2,2,48,1,83,1970-01-01 00:00:00.000000155,1,3,1980s,January
1990,6,81,10,2,10,0.0,0.1,0,48,8,2,1970-01-01 00:00:00.000000156,1,0,1990s,January
1990,6,116,9,38,4,0.1,0.0,2,48,28,4,1970-01-01 00:00:00.000000157,1,2,1990s,January
1990,6,4,10,66,56,0.0,0.2,0,48,45,70,1970-01-01 00:00:00.000000157,1,2,1990s,January
1990,6,12,12,75,14,0.0,0.2,0,48,10,79,1970-01-01 00:00:00.000000157,1,2,1990s,January
1990,6,144,11,8,68,0.2,0.1,2,48,6,72,1970-01-01 00:00:00.000000158,1,3,1990s,January
1990,6,81,12,78,80,0.4,0.1,2,48,65,84,1970-01-01 00:00:00.000000158,1,3,1990s,January
1990,6,36,9,76,18,0.1,0.5,0,48,15,80,1970-01-01 00:00:00.000000158,1,3,1990s,January
1990,6,43,11,15,59,0.1,0.0,2,48,11,63,1970-01-01 00:00:00.000000159,1,1,1990s,January
1990,6,18,15,25,55,0.1,0.1,1,48,17,22,1970-01-01 00:00:00.000000159,1,1,1990s,January
1990,6,150,14,5,65,0.2,0.0,2,48,4,69,1970-01-01 00:00:00.000000160,1,5,1990s,January
1990,6,100,15,44,23,0.1,0.1,1,48,17,22,1970-01-01 00:00:00.000000160,1,5,1990s,January
1990,6,89,10,2,66,0.2,0.0,2,48,1,70,1970-01-01 00:00:00.000000161,1,6,1990s,January
1990,6,146,14,77,67,0.0,0.0,1,48,17,22,1970-01-01 00:00:00.000000161,1,6,1990s,January
1990,6,4,10,10,56,0.2,0.1,2,48,8,60,1970-01-01 00:00:00.000000162,1,4,1990s,January
1990,6,116,9,38,76,0.1,0.0,2,48,28,80,1970-01-01 00:00:00.000000162,1,4,1990s,January
1990,6,12,12,79,14,0.1,0.0,2,48,66,14,1970-01-01 00:00:00.000000162,1,4,1990s,January
1990,6,36,9,4,18,0.0,0.1,0,48,15,4,1970-01-01 00:00:00.000000163,1,0,1990s,January
1990,6,81,12,78,75,0.5,0.1,2,48,65,79,1970-01-01 00:00:00.000000163,1,0,1990s,January
1990,6,144,11,8,15,0.1,0.0,2,48,6,16,1970-01-01 00:00:00.000000164,1,2,1990s,January
1990,6,18,15,25,44,0.0,0.0,1,48,17,22,1970-01-01 00:00:00.000000164,1,2,1990s,January
1990,6,43,11,68,59,0.1,0.2,0,48,48,72,1970-01-01 00:00:00.000000164,1,2,1990s,January
1990,6,150,14,5,77,0.3,0.1,2,48,4,81,1970-01-01 00:00:00.000000165,1,3,1990s,January
1990,6,100,15,55,23,0.0,0.0,1,48,17,22,1970-01-01 00:00:00.000000165,1,3,1990s,January
1990,6,146,14,65,67,0.1,0.3,0,48,56,69,1970-01-01 00:00:00.000000165,1,3,1990s,January
1990,6,89,10,2,56,0.1,0.1,1,48,17,22,1970-01-01 00:00:00.000000166,1,1,1990s,January
1990,6,4,10,10,66,0.0,0.4,0,48,55,10,1970-01-01 00:00:00.000000166,1,1,1990s,January
1990,6,36,9,4,76,0.2,0.1,2,48,3,80,1970-01-01 00:00:00.000000167,1,5,1990s,January
1990,6,81,12,78,14,0.1,0.1,1,48,17,22,1970-01-01 00:00:00.000000167,1,5,1990s,January
1990,6,116,9,38,18,0.2,0.0,2,48,28,20,1970-01-01 00:00:00.000000167,1,5,1990s,January
1990,6,12,12,79,75,0.4,0.1,2,48,66,79,1970-01-01 00:00:00.000000167,1,5,1990s,January
1990,6,144,11,8,59,0.1,0.0,2,48,6,63,1970-01-01 00:00:00.000000168,1,6,1990s,January
1990,6,43,11,68,15,0.1,0.2,0,48,11,72,1970-01-01 00:00:00.000000168,1,6,1990s,January
1990,6,150,14,5,67,0.1,0.2,0,48,56,5,1970-01-01 00:00:00.000000169,1,4,1990s,January
1990,6,18,15,25,23,0.1,0.0,2,48,20,26,1970-01-01 00:00:00.000000169,1,4,1990s,January
1990,6,100,15,55,44,0.1,0.1,1,48,17,22,1970-01-01 00:00:00.000000169,1,4,1990s,January
1990,6,146,14,65,77,0.0,0.1,0,48,63,69,1970-01-01 00:00:00.000000169,1,4,1990s,January
1990,6,89,19,10,14,0.2,0.1,2,11,8,14,1970-01-01 00:00:00.000000170,1,2,1990s,January
1990,6,4,19,19,15,0.4,0.1,2,48,15,16,1970-01-01 00:00:00.000000170,1,2,1990s,January
1990,6,144,19,8,2,0.0,0.1,0,48,1,8,1970-01-01 00:00:00.000000171,1,3,1990s,January
1990,6,81,19,78,44,0.2,0.1,2,48,65,48,1970-01-01 00:00:00.000000171,1,3,1990s,January
1990,6,43,19,55,56,0.0,0.0,2,31,44,60,1970-01-01 00:00:00.000000172,1,1,1990s,January
1990,6,116,19,38,77,0.2,0.0,2,48,28,81,1970-01-01 00:00:00.000000172,1,1,1990s,January
1990,6,12,19,25,5,0.1,0.0,2,17,20,5,1970-01-01 00:00:00.000000173,1,5,1990s,January
1990,6,150,19,67,80,0.1,0.2,0,47,66,71,1970-01-01 00:00:00.000000173,1,5,1990s,January
1990,6,116,18,38,55,0.1,0.0,2,48,28,59,1970-01-01 00:00:00.000000174,1,2,1990s,January
1990,6,36,18,79,2,0.0,0.0,0,1,1,84,1970-01-01 00:00:00.000000174,1,2,1990s,January
1990,6,89,18,10,25,0.2,0.3,0,17,20,10,1970-01-01 00:00:00.000000175,0,3,1990s,January
1990,6,81,18,78,18,0.1,0.0,2,48,65,20,1970-01-01 00:00:00.000000175,0,3,1990s,January
1990,6,89,20,38,2,0.1,0.1,0,3,1,41,1970-01-01 00:00:00.000000176,0,5,1990s,January
1990,6,144,20,78,25,0.1,0.1,2,45,65,28,1970-01-01 00:00:00.000000177,0,6,1990s,January
1990,6,4,21,38,25,0.2,0.1,2,48,28,28,1970-01-01 00:00:00.000000178,0,2,1990s,January
1990,6,116,1,78,2,0.1,0.0,2,48,65,2,1970-01-01 00:00:00.000000179,0,3,1990s,January
1994,15,20,11,28,6,0.1,0.0,2,48,23,6,1970-01-01 00:00:00.000000180,1,0,1990s,January
1994,15,28,11,67,65,0.2,0.2,1,48,17,22,1970-01-01 00:00:00.000000180,1,0,1990s,January
1994,15,103,9,14,56,0.1,0.3,0,48,45,14,1970-01-01 00:00:00.000000181,1,2,1990s,January
1994,15,32,14,38,55,0.0,0.1,0,48,44,41,1970-01-01 00:00:00.000000181,1,2,1990s,January
1994,15,105,9,76,69,0.1,0.1,1,48,17,22,1970-01-01 00:00:00.000000181,1,2,1990s,January
1994,15,97,15,5,43,0.1,0.0,2,48,4,47,1970-01-01 00:00:00.000000182,1,3,1990s,January
1994,15,103,10,10,68,0.2,0.2,1,48,17,22,1970-01-01 00:00:00.000000182,1,3,1990s,January
1994,15,155,14,49,42,0.1,0.0,2,48,38,46,1970-01-01 00:00:00.000000182,1,3,1990s,January
1994,15,101,10,8,57,0.2,0.0,2,48,6,61,1970-01-01 00:00:00.000000183,1,1,1990s,January
1994,15,155,15,44,58,0.2,0.1,2,48,34,62,1970-01-01 00:00:00.000000183,1,1,1990s,January
1994,15,38,12,2,30,0.4,0.0,2,48,1,33,1970-01-01 00:00:00.000000184,1,5,1990s,January
1994,15,20,11,28,67,0.1,0.1,1,48,17,22,1970-01-01 00:00:00.000000184,1,5,1990s,January
1994,15,28,12,46,9,0.3,0.0,2,48,35,9,1970-01-01 00:00:00.000000184,1,5,1990s,January
1994,15,105,9,56,69,0.1,0.4,0,48,58,60,1970-01-01 00:00:00.000000185,1,6,1990s,January
1994,15,103,0,76,14,0.2,0.1,2,48,62,14,1970-01-01 00:00:00.000000185,1,6,1990s,January
1994,15,32,14,38,49,0.1,0.0,2,48,28,53,1970-01-01 00:00:00.000000186,1,4,1990s,January
1994,15,38,11,65,6,0.0,0.0,1,48,17,22,1970-01-01 00:00:00.000000186,1,4,1990s,January
1994,15,101,10,8,10,0.3,0.0,2,48,6,10,1970-01-01 00:00:00.000000187,1,0,1990s,January
1994,15,97,14,42,55,0.2,0.1,2,48,32,59,1970-01-01 00:00:00.000000187,1,0,1990s,January
1994,15,105,10,68,57,0.3,0.1,2,48,57,61,1970-01-01 00:00:00.000000187,1,0,1990s,January
1994,15,38,12,2,46,0.2,0.1,2,48,1,50,1970-01-01 00:00:00.000000188,1,2,1990s,January
1994,15,97,15,5,44,0.1,0.0,2,48,4,48,1970-01-01 00:00:00.000000188,1,2,1990s,January
1994,15,32,15,58,43,0.2,0.1,2,48,47,47,1970-01-01 00:00:00.000000188,1,2,1990s,January
1994,15,20,12,9,30,0.4,0.0,2,48,7,33,1970-01-01 00:00:00.000000189,1,3,1990s,January
1994,15,101,9,69,14,0.0,0.2,0,48,10,73,1970-01-01 00:00:00.000000189,1,3,1990s,January
1994,15,103,9,76,56,0.0,0.1,0,48,45,80,1970-01-01 00:00:00.000000189,1,3,1990s,January
1994,15,20,11,6,67,0.1,0.3,0,48,56,6,1970-01-01 00:00:00.000000190,1,1,1990s,January
1994,15,28,11,28,65,0.3,0.2,2,48,23,69,1970-01-01 00:00:00.000000190,1,1,1990s,January
1994,15,105,10,8,68,0.1,0.1,1,48,17,22,1970-01-01 00:00:00.000000191,1,5,1990s,January
1994,15,32,14,55,49,0.0,0.0,1,48,17,22,1970-01-01 00:00:00.000000191,1,5,1990s,January
1994,15,155,14,38,42,0.1,0.1,1,48,17,22,1970-01-01 00:00:00.000000191,1,5,1990s,January
1994,15,101,10,57,10,0.5,0.1,2,48,46,10,1970-01-01 00:00:00.000000191,1,5,1990s,January
1994,15,155,15,5,58,0.0,0.1,0,48,47,5,1970-01-01 00:00:00.000000192,1,6,1990s,January
1994,15,97,15,43,44,0.1,0.2,0,48,34,47,1970-01-01 00:00:00.000000192,1,6,1990s,January
1994,15,28,12,2,9,0.0,0.2,0,48,7,2,1970-01-01 00:00:00.000000193,1,4,1990s,January
1994,15,38,12,30,46,0.0,0.2,0,48,35,33,1970-01-01 00:00:00.000000193,1,4,1990s,January
1994,15,20,19,28,5,0.3,0.2,2,48,23,5,1970-01-01 00:00:00.000000194,0,2,1990s,January
1994,15,155,19,67,69,0.3,0.0,2,48,56,73,1970-01-01 00:00:00.000000194,0,2,1990s,January
1994,15,103,19,56,2,0.3,0.2,2,48,45,2,1970-01-01 00:00:00.000000195,0,3,1990s,January
1994,15,28,19,58,68,0.1,0.3,0,48,57,62,1970-01-01 00:00:00.000000195,0,3,1990s,January
1994,15,97,19,44,55,0.2,0.0,2,48,34,59,1970-01-01 00:00:00.000000196,0,1,1990s,January
1994,15,101,19,76,8,0.0,0.1,0,48,6,80,1970-01-01 00:00:00.000000196,0,1,1990s,January
1994,15,32,19,42,9,0.1,0.1,0,10,7,46,1970-01-01 00:00:00.000000197,0,5,1990s,January
1994,15,38,19,46,37,0.1,0.2,0,25,28,50,1970-01-01 00:00:00.000000197,0,5,1990s,January
1994,15,38,18,38,67,0.2,0.1,2,48,28,71,1970-01-01 00:00:00.000000198,0,2,1990s,January
1994,15,28,18,44,8,0.2,0.3,0,48,6,48,1970-01-01 00:00:00.000000198,0,2,1990s,January
1994,15,32,18,9,28,0.2,0.1,2,48,7,31,1970-01-01 00:00:00.000000199,0,3,1990s,January
1994,15,101,18,56,68,0.2,0.2,0,38,57,60,1970-01-01 00:00:00.000000199,0,3,1990s,January
1994,15,32,20,9,37,0.1,0.2,0,48,28,9,1970-01-01 00:00:00.000000200,0,6,1990s,January
1994,15,103,20,68,8,0.0,0.1,0,48,6,72,1970-01-01 00:00:00.000000200,0,6,1990s,January
1994,15,103,21,68,9,0.4,0.0,2,48,57,9,1970-01-01 00:00:00.000000201,0,2,1990s,January
1994,15,103,1,8,37,0.0,0.0,2,8,6,41,1970-01-01 00:00:00.000000202,0,3,1990s,January
1998,4,121,9,8,59,0.2,0.1,2,48,6,63,1970-01-01 00:00:00.000000203,1,6,1990s,January
1998,4,84,9,43,49,0.2,0.2,1,48,17,22,1970-01-01 00:00:00.000000203,1,6,1990s,January
1998,4,142,10,10,4,0.1,0.1,1,48,17,22,1970-01-01 00:00:00.000000204,1,4,1990s,January
1998,4,13,10,38,12,0.2,0.2,1,48,17,22,1970-01-01 00:00:00.000000204,1,4,1990s,January
1998,4,77,11,27,64,0.3,0.0,2,48,22,68,1970-01-01 00:00:00.000000205,1,0,1990s,January
1998,4,84,12,51,9,0.0,0.0,1,48,17,22,1970-01-01 00:00:00.000000205,1,0,1990s,January
1998,4,65,11,58,19,0.0,0.1,0,48,16,62,1970-01-01 00:00:00.000000205,1,0,1990s,January
1998,4,71,14,65,42,0.1,0.3,0,48,32,69,1970-01-01 00:00:00.000000206,1,2,1990s,January
1998,4,121,14,44,5,0.0,0.0,1,48,17,22,1970-01-01 00:00:00.000000206,1,2,1990s,January
1998,4,88,12,67,46,0.2,0.3,0,48,35,71,1970-01-01 00:00:00.000000206,1,2,1990s,January
1998,4,142,17,2,40,0.1,0.0,2,48,1,44,1970-01-01 00:00:00.000000207,1,3,1990s,January
1998,4,65,17,40,16,0.1,0.3,0,48,12,43,1970-01-01 00:00:00.000000207,1,3,1990s,January
1998,4,122,15,26,35,0.1,0.0,2,48,21,38,1970-01-01 00:00:00.000000207,1,3,1990s,January
1998,4,77,16,25,72,0.2,0.0,2,48,20,76,1970-01-01 00:00:00.000000208,1,1,1990s,January
1998,4,102,15,28,76,0.2,0.0,2,48,23,80,1970-01-01 00:00:00.000000208,1,1,1990s,January
1998,4,71,16,56,14,0.1,0.0,2,48,45,14,1970-01-01 00:00:00.000000208,1,1,1990s,January
1998,4,88,9,8,43,0.3,0.0,2,48,6,47,1970-01-01 00:00:00.000000209,1,5,1990s,January
1998,4,13,9,59,49,0.1,0.1,1,48,17,22,1970-01-01 00:00:00.000000209,1,5,1990s,January
1998,4,122,10,12,4,0.1,0.1,1,48,17,22,1970-01-01 00:00:00.000000210,1,6,1990s,January
1998,4,84,10,38,10,0.3,0.0,2,48,28,10,1970-01-01 00:00:00.000000210,1,6,1990s,January
1998,4,121,11,27,58,0.4,0.0,2,48,22,62,1970-01-01 00:00:00.000000211,1,4,1990s,January
1998,4,142,11,64,19,0.1,0.1,1,48,17,22,1970-01-01 00:00:00.000000211,1,4,1990s,January
1998,4,102,12,46,9,0.1,0.0,2,48,35,9,1970-01-01 00:00:00.000000212,1,0,1990s,January
1998,4,122,12,67,51,0.0,0.0,1,48,17,22,1970-01-01 00:00:00.000000212,1,0,1990s,January
1998,4,13,14,5,42,0.2,0.2,1,48,17,22,1970-01-01 00:00:00.000000213,1,2,1990s,January
1998,4,88,17,41,16,0.0,0.1,0,48,12,44,1970-01-01 00:00:00.000000213,1,2,1990s,January
1998,4,77,14,44,65,0.5,0.0,2,48,34,69,1970-01-01 00:00:00.000000213,1,2,1990s,January
1998,4,102,17,2,39,0.5,0.0,2,48,1,43,1970-01-01 00:00:00.000000214,1,3,1990s,January
1998,4,65,15,28,26,0.2,0.2,1,48,17,22,1970-01-01 00:00:00.000000214,1,3,1990s,January
1998,4,71,15,76,35,0.1,0.2,0,48,27,80,1970-01-01 00:00:00.000000214,1,3,1990s,January
1998,4,84,16,14,72,0.1,0.0,2,48,10,76,1970-01-01 00:00:00.000000215,1,1,1990s,January
1998,4,142,16,56,25,0.2,0.1,2,48,45,28,1970-01-01 00:00:00.000000215,1,1,1990s,January
1998,4,77,9,8,49,0.1,0.2,0,48,38,8,1970-01-01 00:00:00.000000216,1,5,1990s,January
1998,4,88,10,12,10,0.1,0.1,1,48,17,22,1970-01-01 00:00:00.000000216,1,5,1990s,January
1998,4,121,10,38,4,0.2,0.1,2,48,28,4,1970-01-01 00:00:00.000000216,1,5,1990s,January
1998,4,122,9,59,43,0.0,0.3,0,48,33,63,1970-01-01 00:00:00.000000216,1,5,1990s,January
1998,4,71,11,27,19,0.2,0.1,2,48,22,21,1970-01-01 00:00:00.000000217,1,6,1990s,January
1998,4,142,12,46,51,0.1,0.3,0,48,39,50,1970-01-01 00:00:00.000000217,1,6,1990s,January
1998,4,13,11,64,58,0.2,0.2,1,48,17,22,1970-01-01 00:00:00.000000217,1,6,1990s,January
1998,4,65,12,67,9,0.5,0.1,2,48,56,9,1970-01-01 00:00:00.000000217,1,6,1990s,January
1998,4,102,14,5,65,0.1,0.1,1,48,17,22,1970-01-01 00:00:00.000000218,1,4,1990s,January
1998,4,84,15,28,35,0.2,0.0,2,48,23,38,1970-01-01 00:00:00.000000218,1,4,1990s,January
1998,4,122,14,44,42,0.2,0.2,1,48,17,22,1970-01-01 00:00:00.000000218,1,4,1990s,January
1998,4,88,15,76,61,0.0,0.1,0,48,50,80,1970-01-01 00:00:00.000000218,1,4,1990s,January
1998,4,13,17,2,16,0.1,0.0,2,48,1,17,1970-01-01 00:00:00.000000219,1,0,1990s,January
1998,4,65,16,14,25,0.0,0.2,0,48,20,14,1970-01-01 00:00:00.000000219,1,0,1990s,January
1998,4,71,17,41,39,0.1,0.2,0,48,30,44,1970-01-01 00:00:00.000000219,1,0,1990s,January
1998,4,121,16,56,72,0.1,0.1,1,48,17,22,1970-01-01 00:00:00.000000219,1,0,1990s,January
1998,4,102,19,8,12,0.4,0.1,2,48,6,12,1970-01-01 00:00:00.000000220,1,2,1990s,January
1998,4,77,19,38,49,0.1,0.0,2,48,28,53,1970-01-01 00:00:00.000000220,1,2,1990s,January
1998,4,65,19,27,51,0.1,0.0,2,19,22,55,1970-01-01 00:00:00.000000221,1,3,1990s,January
1998,4,121,19,46,19,0.1,0.4,0,48,16,50,1970-01-01 00:00:00.000000221,1,3,1990s,January
1998,4,84,19,28,42,0.2,0.1,2,48,23,46,1970-01-01 00:00:00.000000222,1,1,1990s,January
1998,4,142,19,44,26,0.2,0.1,2,48,34,29,1970-01-01 00:00:00.000000222,1,1,1990s,January
1998,4,122,19,2,25,0.2,0.2,2,3,1,28,1970-01-01 00:00:00.000000223,1,5,1990s,January
1998,4,13,19,56,16,0.0,0.1,0,48,12,60,1970-01-01 00:00:00.000000223,1,5,1990s,January
1998,4,88,18,8,19,0.3,0.2,2,48,6,21,1970-01-01 00:00:00.000000224,0,0,1990s,January
1998,4,121,18,27,37,0.0,0.0,2,20,22,41,1970-01-01 00:00:00.000000224,0,0,1990s,January
1998,4,71,18,28,16,0.0,0.3,0,48,12,31,1970-01-01 00:00:00.000000225,0,2,1990s,January
1998,4,77,18,44,2,0.2,0.1,2,48,34,2,1970-01-01 00:00:00.000000225,0,2,1990s,January
1998,4,77,20,8,44,0.1,0.1,2,9,6,48,1970-01-01 00:00:00.000000226,0,5,1990s,January
1998,4,121,20,27,16,0.2,0.1,2,48,22,17,1970-01-01 00:00:00.000000227,0,6,1990s,January
1998,4,102,21,44,16,0.1,0.2,0,48,12,48,1970-01-01 00:00:00.000000228,0,2,1990s,January
1998,4,121,1,27,8,0.3,0.0,2,48,22,8,1970-01-01 00:00:00.000000229,0,3,1990s,January
2002,11,131,9,27,60,0.0,0.1,0,48,49,30,1970-01-01 00:00:00.000000230,2,0,2000s,January
2002,7,128,14,28,58,0.5,0.0,2,48,23,62,1970-01-01 00:00:00.000000231,1,2,2000s,January
2002,7,93,14,55,10,0.1,0.1,1,48,17,22,1970-01-01 00:00:00.000000231,1,2,2000s,January
2002,11,147,9,77,19,0.1,0.2,0,48,16,81,1970-01-01 00:00:00.000000231,1,2,2000s,January
2002,7,58,15,2,46,0.1,0.0,2,48,1,50,1970-01-01 00:00:00.000000232,1,3,2000s,January
2002,7,123,15,25,68,0.1,0.1,1,48,17,22,1970-01-01 00:00:00.000000232,1,3,2000s,January
2002,11,17,10,51,64,0.2,0.2,1,48,17,22,1970-01-01 00:00:00.000000232,1,3,2000s,January
2002,11,47,10,67,63,0.3,0.1,2,48,56,67,1970-01-01 00:00:00.000000232,1,3,2000s,January
2002,11,147,11,8,73,0.2,0.1,2,48,6,77,1970-01-01 00:00:00.000000233,1,1,2000s,January
2002,7,93,16,16,42,0.0,0.1,0,48,32,17,1970-01-01 00:00:00.000000233,1,1,2000s,January
2002,7,128,16,38,22,0.2,0.0,2,48,28,25,1970-01-01 00:00:00.000000233,1,1,2000s,January
2002,11,47,11,13,15,0.0,0.2,0,48,11,13,1970-01-01 00:00:00.000000234,1,5,2000s,January
2002,7,123,17,41,5,0.2,0.2,1,48,17,22,1970-01-01 00:00:00.000000234,1,5,2000s,January
2002,11,17,12,65,53,0.2,0.0,2,48,54,57,1970-01-01 00:00:00.000000234,1,5,2000s,January
2002,7,58,14,28,55,0.1,0.1,1,48,17,22,1970-01-01 00:00:00.000000235,1,6,2000s,January
2002,7,60,17,57,72,0.2,0.0,2,48,46,76,1970-01-01 00:00:00.000000235,1,6,2000s,January
2002,11,139,12,76,54,0.3,0.2,2,48,62,58,1970-01-01 00:00:00.000000235,1,6,2000s,January
2002,7,123,14,10,58,0.1,0.0,2,48,8,62,1970-01-01 00:00:00.000000236,1,4,2000s,January
2002,11,26,9,20,60,0.1,0.1,1,48,17,22,1970-01-01 00:00:00.000000236,1,4,2000s,January
2002,11,17,9,27,77,0.0,0.0,1,48,17,22,1970-01-01 00:00:00.000000236,1,4,2000s,January
2002,7,128,15,2,25,0.0,0.1,0,48,20,2,1970-01-01 00:00:00.000000237,1,0,2000s,January
2002,11,54,10,67,51,0.3,0.1,2,48,56,55,1970-01-01 00:00:00.000000237,1,0,2000s,January
2002,7,60,15,68,46,0.2,0.1,2,48,57,50,1970-01-01 00:00:00.000000237,1,0,2000s,January
2002,11,130,11,8,13,0.4,0.0,2,48,6,13,1970-01-01 00:00:00.000000238,1,2,2000s,January
2002,7,58,16,38,16,0.1,0.2,0,48,12,41,1970-01-01 00:00:00.000000238,1,2,2000s,January
2002,11,26,10,64,63,0.1,0.0,2,48,53,67,1970-01-01 00:00:00.000000238,1,2,2000s,January
2002,11,52,11,15,73,0.1,0.1,1,48,17,22,1970-01-01 00:00:00.000000239,1,3,2000s,January
2002,7,156,17,41,57,0.1,0.0,2,48,31,61,1970-01-01 00:00:00.000000239,1,3,2000s,January
2002,7,114,16,42,22,0.2,0.1,2,48,32,25,1970-01-01 00:00:00.000000239,1,3,2000s,January
2002,11,26,12,65,76,0.1,0.1,1,48,17,22,1970-01-01 00:00:00.000000240,1,1,2000s,January
2002,11,54,12,54,53,0.4,0.0,2,48,43,57,1970-01-01 00:00:00.000000240,1,1,2000s,January
2002,7,160,17,72,5,0.1,0.1,1,48,17,22,1970-01-01 00:00:00.000000240,1,1,2000s,January
2002,7,40,14,10,28,0.0,0.2,0,48,23,10,1970-01-01 00:00:00.000000241,1,5,2000s,January
2002,11,52,9,20,27,0.2,0.0,2,48,16,30,1970-01-01 00:00:00.000000241,1,5,2000s,January
2002,7,156,14,58,55,0.0,0.3,0,48,44,62,1970-01-01 00:00:00.000000241,1,5,2000s,January
2002,11,139,9,60,77,0.3,0.3,1,48,17,22,1970-01-01 00:00:00.000000241,1,5,2000s,January
2002,7,98,15,46,25,0.0,0.0,1,48,17,22,1970-01-01 00:00:00.000000242,1,6,2000s,January
2002,11,130,10,63,51,0.1,0.3,0,48,39,67,1970-01-01 00:00:00.000000242,1,6,2000s,January
2002,11,27,10,64,67,0.2,0.3,0,48,56,68,1970-01-01 00:00:00.000000242,1,6,2000s,January
2002,7,114,15,68,2,0.1,0.1,1,48,17,22,1970-01-01 00:00:00.000000242,1,6,2000s,January
2002,11,139,11,15,8,0.2,0.5,0,48,6,16,1970-01-01 00:00:00.000000243,1,4,2000s,January
2002,7,156,16,22,16,0.1,0.0,2,48,19,17,1970-01-01 00:00:00.000000243,1,4,2000s,January
2002,7,160,16,42,37,0.1,0.1,1,48,17,22,1970-01-01 00:00:00.000000243,1,4,2000s,January
2002,11,131,11,73,13,0.3,0.0,2,48,60,13,1970-01-01 00:00:00.000000243,1,4,2000s,January
2002,7,40,17,5,57,0.3,0.2,2,48,4,61,1970-01-01 00:00:00.000000244,1,0,2000s,January
2002,7,98,17,41,72,0.2,0.0,2,48,31,76,1970-01-01 00:00:00.000000244,1,0,2000s,January
2002,11,52,12,65,54,0.1,0.0,2,48,54,58,1970-01-01 00:00:00.000000244,1,0,2000s,January
2002,11,27,12,53,76,0.3,0.1,2,48,41,80,1970-01-01 00:00:00.000000244,1,0,2000s,January
2002,7,93,19,20,25,0.0,0.3,0,48,20,21,1970-01-01 00:00:00.000000245,1,2,2000s,January
2002,11,130,19,28,51,0.1,0.0,2,48,23,55,1970-01-01 00:00:00.000000245,1,2,2000s,January
2002,11,139,19,67,55,0.1,0.1,2,37,56,59,1970-01-01 00:00:00.000000246,1,3,2000s,January
2002,7,160,19,68,60,0.1,0.2,0,33,49,72,1970-01-01 00:00:00.000000246,1,3,2000s,January
2002,7,60,19,8,5,0.2,0.0,2,48,6,5,1970-01-01 00:00:00.000000247,1,1,2000s,January
2002,11,54,19,42,76,0.0,0.2,0,48,62,46,1970-01-01 00:00:00.000000247,1,1,2000s,January
2002,7,114,19,41,73,0.0,0.1,0,48,60,44,1970-01-01 00:00:00.000000248,1,5,2000s,January
2002,11,27,19,65,37,0.2,0.1,2,34,54,41,1970-01-01 00:00:00.000000248,1,5,2000s,January
2002,7,40,18,25,8,0.1,0.2,0,48,6,28,1970-01-01 00:00:00.000000249,1,0,2000s,January
2002,11,147,18,28,76,0.1,0.0,2,48,23,80,1970-01-01 00:00:00.000000249,1,0,2000s,January
2002,11,47,18,65,67,0.0,0.0,2,35,54,71,1970-01-01 00:00:00.000000250,1,2,2000s,January
2002,7,98,18,60,73,0.0,0.1,0,39,60,64,1970-01-01 00:00:00.000000250,1,2,2000s,January
2002,11,131,20,65,28,0.0,0.1,0,48,23,69,1970-01-01 00:00:00.000000251,1,5,2000s,January
2002,7,123,20,8,73,0.1,0.0,2,48,6,77,1970-01-01 00:00:00.000000252,1,6,2000s,January
2002,11,26,21,65,73,0.2,0.3,0,48,60,69,1970-01-01 00:00:00.000000253,1,2,2000s,January
2002,7,156,1,28,8,0.0,0.2,0,48,6,31,1970-01-01 00:00:00.000000254,1,3,2000s,January
2006,5,86,9,28,15,0.4,0.2,2,48,23,16,1970-01-01 00:00:00.000000255,1,0,2000s,January
2006,5,41,9,53,22,0.0,0.2,0,48,19,57,1970-01-01 00:00:00.000000255,1,0,2000s,January
2006,5,49,11,2,38,0.2,0.1,2,48,1,42,1970-01-01 00:00:00.000000256,1,2,2000s,January
2006,5,39,10,25,51,0.1,0.0,2,48,20,55,1970-01-01 00:00:00.000000256,1,2,2000s,January
2006,5,29,10,71,68,0.0,0.0,1,48,17,22,1970-01-01 00:00:00.000000256,1,2,2000s,January
2006,5,21,12,1,54,0.0,0.1,0,48,43,1,1970-01-01 00:00:00.000000257,1,3,2000s,January
2006,5,96,12,42,35,0.3,0.1,2,48,32,38,1970-01-01 00:00:00.000000257,1,3,2000s,January
2006,5,64,11,61,44,0.0,0.1,0,48,34,65,1970-01-01 00:00:00.000000257,1,3,2000s,January
2006,5,56,15,3,40,0.3,0.1,2,48,2,44,1970-01-01 00:00:00.000000258,1,1,2000s,January
2006,5,50,14,38,29,0.2,0.0,2,48,28,32,1970-01-01 00:00:00.000000258,1,1,2000s,January
2006,5,41,14,76,17,0.0,0.3,0,48,14,80,1970-01-01 00:00:00.000000258,1,1,2000s,January
2006,5,7,15,8,16,0.1,0.0,2,48,6,17,1970-01-01 00:00:00.000000259,1,5,2000s,January
2006,5,137,16,27,69,0.0,0.0,1,48,17,22,1970-01-01 00:00:00.000000259,1,5,2000s,January
2006,5,39,16,65,70,0.2,0.1,2,48,54,74,1970-01-01 00:00:00.000000259,1,5,2000s,January
2006,5,29,9,28,53,0.1,0.0,2,48,23,57,1970-01-01 00:00:00.000000260,1,6,2000s,January
2006,5,64,17,67,74,0.4,0.0,2,48,56,78,1970-01-01 00:00:00.000000260,1,6,2000s,January
2006,5,86,17,72,58,0.2,0.2,1,48,17,22,1970-01-01 00:00:00.000000260,1,6,2000s,January
2006,5,49,9,22,15,0.3,0.0,2,48,19,16,1970-01-01 00:00:00.000000261,1,4,2000s,January
2006,5,96,10,25,71,0.2,0.0,2,48,20,75,1970-01-01 00:00:00.000000261,1,4,2000s,January
2006,5,7,10,68,51,0.1,0.0,2,48,57,55,1970-01-01 00:00:00.000000261,1,4,2000s,January
2006,5,41,11,2,61,0.5,0.0,2,48,1,65,1970-01-01 00:00:00.000000262,1,0,2000s,January
2006,5,50,12,42,1,0.0,0.0,1,48,17,22,1970-01-01 00:00:00.000000262,1,0,2000s,January
2006,5,137,11,44,38,0.2,0.1,2,48,34,42,1970-01-01 00:00:00.000000262,1,0,2000s,January
2006,5,21,14,18,29,0.0,0.2,0,48,24,19,1970-01-01 00:00:00.000000263,1,2,2000s,January
2006,5,56,14,38,76,0.1,0.1,1,48,17,22,1970-01-01 00:00:00.000000263,1,2,2000s,January
2006,5,39,12,54,35,0.2,0.0,2,48,43,38,1970-01-01 00:00:00.000000263,1,2,2000s,January
2006,5,86,15,8,3,0.2,0.0,2,48,6,3,1970-01-01 00:00:00.000000264,1,3,2000s,January
2006,5,64,16,27,65,0.1,0.1,1,48,17,22,1970-01-01 00:00:00.000000264,1,3,2000s,January
2006,5,96,15,41,16,0.0,0.0,1,48,17,22,1970-01-01 00:00:00.000000264,1,3,2000s,January
2006,5,49,17,58,74,0.0,0.4,0,48,61,62,1970-01-01 00:00:00.000000265,1,1,2000s,January
2006,5,137,17,67,72,0.3,0.1,2,48,56,76,1970-01-01 00:00:00.000000265,1,1,2000s,January
2006,5,29,16,70,69,0.0,0.2,0,48,58,74,1970-01-01 00:00:00.000000265,1,1,2000s,January
2006,5,50,9,15,53,0.1,0.2,0,48,41,16,1970-01-01 00:00:00.000000266,1,5,2000s,January
2006,5,7,9,28,22,0.3,0.0,2,48,23,25,1970-01-01 00:00:00.000000266,1,5,2000s,January
2006,5,56,10,51,71,0.2,0.0,2,48,39,75,1970-01-01 00:00:00.000000266,1,5,2000s,January
2006,5,21,10,68,25,0.2,0.2,1,48,17,22,1970-01-01 00:00:00.000000266,1,5,2000s,January
2006,5,64,12,35,1,0.1,0.1,1,48,17,22,1970-01-01 00:00:00.000000267,1,6,2000s,January
2006,5,86,11,39,61,0.3,0.2,2,48,29,65,1970-01-01 00:00:00.000000267,1,6,2000s,January
2006,5,39,11,44,2,0.0,0.0,1,48,17,22,1970-01-01 00:00:00.000000267,1,6,2000s,January
2006,5,41,12,54,42,0.2,0.1,2,48,43,46,1970-01-01 00:00:00.000000267,1,6,2000s,January
2006,5,137,15,16,3,0.2,0.2,1,48,17,22,1970-01-01 00:00:00.000000268,1,4,2000s,January
2006,5,49,14,18,37,0.0,0.2,0,48,28,19,1970-01-01 00:00:00.000000268,1,4,2000s,January
2006,5,96,14,29,76,0.2,0.1,2,48,24,80,1970-01-01 00:00:00.000000268,1,4,2000s,January
2006,5,29,15,41,8,0.1,0.4,0,48,6,44,1970-01-01 00:00:00.000000268,1,4,2000s,January
2006,5,56,17,58,67,0.0,0.1,0,48,56,62,1970-01-01 00:00:00.000000269,1,0,2000s,January
2006,5,50,17,69,65,0.2,0.0,2,48,58,69,1970-01-01 00:00:00.000000269,1,0,2000s,January
2006,5,21,16,70,27,0.0,0.2,0,48,22,74,1970-01-01 00:00:00.000000269,1,0,2000s,January
2006,5,7,16,74,72,0.1,0.0,2,48,61,76,1970-01-01 00:00:00.000000269,1,0,2000s,January
2006,5,64,19,2,42,0.2,0.1,2,0,1,46,1970-01-01 00:00:00.000000270,1,2,2000s,January
2006,5,86,19,28,68,0.2,0.0,2,48,23,72,1970-01-01 00:00:00.000000270,1,2,2000s,January
2006,5,137,19,25,22,0.1,0.0,2,48,20,25,1970-01-01 00:00:00.000000271,1,3,2000s,January
2006,5,96,19,54,44,0.1,0.0,2,48,43,48,1970-01-01 00:00:00.000000271,1,3,2000s,January
2006,5,56,19,38,3,0.1,0.0,2,48,28,3,1970-01-01 00:00:00.000000272,1,1,2000s,January
2006,5,21,19,69,74,0.0,0.0,0,40,61,73,1970-01-01 00:00:00.000000272,1,1,2000s,January
2006,5,29,19,8,29,0.3,0.0,2,48,6,32,1970-01-01 00:00:00.000000273,1,5,2000s,January
2006,5,50,19,67,27,0.1,0.3,0,48,22,71,1970-01-01 00:00:00.000000273,1,5,2000s,January
2006,5,7,18,28,2,0.1,0.1,2,22,23,2,1970-01-01 00:00:00.000000274,1,0,2000s,January
2006,5,49,18,38,74,0.3,0.0,2,48,28,78,1970-01-01 00:00:00.000000274,1,0,2000s,January
2006,5,39,18,8,27,0.0,0.1,0,48,22,8,1970-01-01 00:00:00.000000275,0,2,2000s,January
2006,5,41,18,25,54,0.0,0.0,0,30,42,28,1970-01-01 00:00:00.000000275,0,2,2000s,January
2006,5,29,20,28,37,0.0,0.2,0,25,28,31,1970-01-01 00:00:00.000000276,0,5,2000s,January
2006,5,86,20,54,27,0.0,0.1,0,48,22,58,1970-01-01 00:00:00.000000277,0,6,2000s,January
2006,5,137,21,28,54,0.3,0.1,2,48,23,58,1970-01-01 00:00:00.000000278,0,2,2000s,January
2006,5,7,1,38,27,0.1,0.1,2,26,28,30,1970-01-01 00:00:00.000000279,0,3,2000s,January
2010,10,55,9,64,42,0.1,0.1,1,48,17,22,1970-01-01 00:00:00.000000280,1,0,2010s,January
2010,10,19,9,77,27,0.0,0.0,1,48,17,22,1970-01-01 00:00:00.000000280,1,0,2010s,January
2010,10,55,10,2,46,0.1,0.0,2,48,1,50,1970-01-01 00:00:00.000000281,1,2,2010s,January
2010,10,119,11,25,76,0.1,0.1,1,48,17,22,1970-01-01 00:00:00.000000281,1,2,2010s,January
2010,10,106,10,65,30,0.2,0.0,2,48,54,33,1970-01-01 00:00:00.000000281,1,2,2010s,January
2010,10,104,11,0,63,0.0,0.1,0,48,52,0,1970-01-01 00:00:00.000000282,1,3,2010s,January
2010,10,30,12,28,3,0.4,0.0,2,48,23,3,1970-01-01 00:00:00.000000282,1,3,2010s,January
2010,10,108,12,61,29,0.0,0.1,0,48,24,65,1970-01-01 00:00:00.000000282,1,3,2010s,January
2010,10,19,15,38,51,0.1,0.1,1,48,17,22,1970-01-01 00:00:00.000000283,1,1,2010s,January
2010,10,11,14,41,10,0.1,0.0,2,48,31,10,1970-01-01 00:00:00.000000283,1,1,2010s,January
2010,10,55,14,44,19,0.2,0.0,2,48,34,21,1970-01-01 00:00:00.000000283,1,1,2010s,January
2010,10,55,16,8,47,0.2,0.1,2,48,6,51,1970-01-01 00:00:00.000000284,1,5,2010s,January
2010,10,106,16,39,54,0.0,0.0,1,48,17,22,1970-01-01 00:00:00.000000284,1,5,2010s,January
2010,10,119,15,45,62,0.1,0.1,1,48,17,22,1970-01-01 00:00:00.000000284,1,5,2010s,January
2010,10,91,17,32,12,0.0,0.1,0,48,9,35,1970-01-01 00:00:00.000000285,1,6,2010s,January
2010,10,108,9,64,77,0.0,0.3,0,48,63,68,1970-01-01 00:00:00.000000285,1,6,2010s,January
2010,10,30,17,67,69,0.0,0.1,0,48,58,71,1970-01-01 00:00:00.000000285,1,6,2010s,January
2010,10,55,10,2,65,0.4,0.1,2,48,1,69,1970-01-01 00:00:00.000000286,1,4,2010s,January
2010,10,104,9,27,42,0.0,0.2,0,48,32,30,1970-01-01 00:00:00.000000286,1,4,2010s,January
2010,10,11,10,30,46,0.2,0.1,2,48,25,50,1970-01-01 00:00:00.000000286,1,4,2010s,January
2010,10,19,11,25,0,0.0,0.0,1,48,17,22,1970-01-01 00:00:00.000000287,1,0,2010s,January
2010,10,106,12,28,61,0.0,0.1,0,48,50,31,1970-01-01 00:00:00.000000287,1,0,2010s,January
2010,10,55,11,63,76,0.2,0.2,1,48,17,22,1970-01-01 00:00:00.000000287,1,0,2010s,January
2010,10,108,14,10,19,0.1,0.2,0,48,16,10,1970-01-01 00:00:00.000000288,1,2,2010s,January
2010,10,119,12,29,3,0.1,0.1,1,48,17,22,1970-01-01 00:00:00.000000288,1,2,2010s,January
2010,10,30,14,44,40,0.1,0.0,2,48,34,44,1970-01-01 00:00:00.000000288,1,2,2010s,January
2010,10,55,16,8,38,0.3,0.1,2,48,6,42,1970-01-01 00:00:00.000000289,1,3,2010s,January
2010,10,91,15,38,45,0.1,0.1,1,48,17,22,1970-01-01 00:00:00.000000289,1,3,2010s,January
2010,10,11,15,62,51,0.0,0.2,0,48,39,66,1970-01-01 00:00:00.000000289,1,3,2010s,January
2010,10,106,17,12,69,0.1,0.0,2,48,9,73,1970-01-01 00:00:00.000000290,1,1,2010s,January
2010,10,19,16,54,47,0.5,0.0,2,48,43,51,1970-01-01 00:00:00.000000290,1,1,2010s,January
2010,10,55,17,67,32,0.2,0.0,2,48,56,35,1970-01-01 00:00:00.000000290,1,1,2010s,January
2010,10,104,10,30,2,0.0,0.2,0,48,1,33,1970-01-01 00:00:00.000000291,1,5,2010s,January
2010,10,119,9,42,77,0.0,0.1,0,48,63,46,1970-01-01 00:00:00.000000291,1,5,2010s,January
2010,10,30,10,46,65,0.2,0.2,1,48,17,22,1970-01-01 00:00:00.000000291,1,5,2010s,January
2010,10,11,9,64,27,0.2,0.1,2,48,53,30,1970-01-01 00:00:00.000000291,1,5,2010s,January
2010,10,91,12,3,61,0.2,0.1,2,48,2,65,1970-01-01 00:00:00.000000292,1,6,2010s,January
2010,10,55,12,29,28,0.0,0.1,0,48,23,32,1970-01-01 00:00:00.000000292,1,6,2010s,January
2010,10,106,11,63,25,0.0,0.1,0,48,20,67,1970-01-01 00:00:00.000000292,1,6,2010s,January
2010,10,108,11,76,0,0.1,0.0,2,48,62,0,1970-01-01 00:00:00.000000292,1,6,2010s,January
2010,10,19,14,10,44,0.1,0.2,0,48,34,10,1970-01-01 00:00:00.000000293,1,4,2010s,January
2010,10,119,14,20,40,0.1,0.3,0,48,31,21,1970-01-01 00:00:00.000000293,1,4,2010s,January
2010,10,104,15,51,45,0.0,0.0,1,48,17,22,1970-01-01 00:00:00.000000293,1,4,2010s,January
2010,10,55,15,62,37,0.3,0.2,2,48,51,41,1970-01-01 00:00:00.000000293,1,4,2010s,January
2010,10,108,17,12,67,0.1,0.2,0,48,56,12,1970-01-01 00:00:00.000000294,1,0,2010s,January
2010,10,91,16,47,38,0.0,0.3,0,48,29,51,1970-01-01 00:00:00.000000294,1,0,2010s,January
2010,10,30,16,54,8,0.0,0.0,1,48,17,22,1970-01-01 00:00:00.000000294,1,0,2010s,January
2010,10,11,17,69,32,0.0,0.0,1,48,17,22,1970-01-01 00:00:00.000000294,1,0,2010s,January
2010,10,106,19,77,65,0.2,0.1,2,48,63,69,1970-01-01 00:00:00.000000295,1,2,2010s,January
2010,10,119,19,76,29,0.1,0.2,0,23,24,80,1970-01-01 00:00:00.000000295,1,2,2010s,January
2010,10,55,19,2,42,0.3,0.1,2,48,1,46,1970-01-01 00:00:00.000000296,1,3,2010s,January
2010,10,11,19,28,25,0.4,0.1,2,48,23,28,1970-01-01 00:00:00.000000296,1,3,2010s,January
2010,10,55,19,8,12,0.3,0.0,2,48,6,12,1970-01-01 00:00:00.000000297,1,1,2010s,January
2010,10,30,19,44,62,0.2,0.1,2,48,34,66,1970-01-01 00:00:00.000000297,1,1,2010s,January
2010,10,108,19,51,40,0.0,0.0,2,29,39,44,1970-01-01 00:00:00.000000298,1,5,2010s,January
2010,10,19,19,67,54,0.1,0.0,2,48,56,58,1970-01-01 00:00:00.000000298,1,5,2010s,January
2010,10,106,18,44,8,0.2,0.1,2,48,34,8,1970-01-01 00:00:00.000000299,0,0,2010s,January
2010,10,55,18,77,29,0.1,0.1,2,42,63,32,1970-01-01 00:00:00.000000299,0,0,2010s,January
2010,10,19,18,2,28,0.0,0.4,0,48,23,2,1970-01-01 00:00:00.000000300,0,2,2010s,January
2010,10,55,18,51,67,0.0,0.1,0,48,56,55,1970-01-01 00:00:00.000000300,0,2,2010s,January
2010,10,19,20,77,44,0.2,0.3,0,48,34,81,1970-01-01 00:00:00.000000301,0,5,2010s,January
2010,10,30,20,28,67,0.0,0.1,0,48,56,31,1970-01-01 00:00:00.000000302,0,6,2010s,January
2010,10,106,21,77,28,0.2,0.3,0,48,23,81,1970-01-01 00:00:00.000000303,0,2,2010s,January
2010,10,55,1,44,67,0.0,0.1,0,36,56,48,1970-01-01 00:00:00.000000304,0,3,2010s,January
2014,1,140,9,8,16,0.3,0.1,2,48,6,17,1970-01-01 00:00:00.000000305,1,4,2010s,January
2014,1,23,10,12,3,0.3,0.1,2,48,9,3,1970-01-01 00:00:00.000000306,1,0,2010s,January
2014,1,90,9,42,10,0.1,0.0,2,48,32,10,1970-01-01 00:00:00.000000306,1,0,2010s,January
2014,1,124,10,67,44,0.1,0.5,0,48,34,71,1970-01-01 00:00:00.000000306,1,0,2010s,January
2014,1,6,11,14,30,0.3,0.0,2,48,10,33,1970-01-01 00:00:00.000000307,1,2,2010s,January
2014,1,74,12,25,37,0.1,0.2,0,48,28,28,1970-01-01 00:00:00.000000307,1,2,2010s,January
2014,1,112,11,39,40,0.2,0.1,2,48,29,44,1970-01-01 00:00:00.000000307,1,2,2010s,January
2014,1,37,12,77,15,0.1,0.3,0,48,11,81,1970-01-01 00:00:00.000000307,1,2,2010s,January
2014,1,115,15,2,7,0.2,0.1,2,48,1,7,1970-01-01 00:00:00.000000308,1,3,2010s,January
2014,1,107,14,27,32,0.3,0.0,2,48,22,35,1970-01-01 00:00:00.000000308,1,3,2010s,January
2014,1,15,14,69,22,0.2,0.1,2,48,58,25,1970-01-01 00:00:00.000000308,1,3,2010s,January
2014,1,124,16,28,54,0.4,0.0,2,48,23,58,1970-01-01 00:00:00.000000309,1,1,2010s,January
2014,1,90,16,29,76,0.1,0.2,0,48,62,32,1970-01-01 00:00:00.000000309,1,1,2010s,January
2014,1,24,15,35,46,0.0,0.0,1,48,17,22,1970-01-01 00:00:00.000000309,1,1,2010s,January
2014,1,6,17,5,0,0.2,0.1,2,48,4,0,1970-01-01 00:00:00.000000310,1,5,2010s,January
2014,1,37,9,8,42,0.0,0.0,1,48,17,22,1970-01-01 00:00:00.000000310,1,5,2010s,January
2014,1,23,17,57,65,0.1,0.1,1,48,17,22,1970-01-01 00:00:00.000000310,1,5,2010s,January
2014,1,24,10,3,44,0.2,0.3,0,48,34,3,1970-01-01 00:00:00.000000311,1,6,2010s,January
2014,1,74,9,10,16,0.0,0.4,0,48,12,10,1970-01-01 00:00:00.000000311,1,6,2010s,January
2014,1,115,10,67,12,0.0,0.2,0,48,9,71,1970-01-01 00:00:00.000000311,1,6,2010s,January
2014,1,15,11,14,38,0.2,0.1,2,48,10,42,1970-01-01 00:00:00.000000312,1,4,2010s,January
2014,1,90,11,41,30,0.0,0.0,1,48,17,22,1970-01-01 00:00:00.000000312,1,4,2010s,January
2014,1,140,12,77,25,0.2,0.1,2,48,63,28,1970-01-01 00:00:00.000000312,1,4,2010s,January
2014,1,24,14,32,22,0.1,0.2,0,48,19,35,1970-01-01 00:00:00.000000313,1,0,2010s,January
2014,1,112,12,38,15,0.0,0.1,0,48,11,41,1970-01-01 00:00:00.000000313,1,0,2010s,January
2014,1,124,14,69,27,0.2,0.5,0,48,22,73,1970-01-01 00:00:00.000000313,1,0,2010s,January
2014,1,6,15,2,35,0.1,0.0,2,48,1,38,1970-01-01 00:00:00.000000314,1,2,2010s,January
2014,1,37,16,28,29,0.2,0.2,1,48,17,22,1970-01-01 00:00:00.000000314,1,2,2010s,January
2014,1,23,15,46,7,0.1,0.0,2,48,35,7,1970-01-01 00:00:00.000000314,1,2,2010s,January
2014,1,115,17,5,57,0.1,0.0,2,48,4,61,1970-01-01 00:00:00.000000315,1,3,2010s,January
2014,1,107,17,65,0,0.2,0.4,0,48,0,69,1970-01-01 00:00:00.000000315,1,3,2010s,January
2014,1,74,16,76,54,0.2,0.2,1,48,17,22,1970-01-01 00:00:00.000000315,1,3,2010s,January
2014,1,24,10,3,67,0.0,0.3,0,48,56,3,1970-01-01 00:00:00.000000316,1,1,2010s,January
2014,1,15,9,8,10,0.4,0.1,2,48,6,10,1970-01-01 00:00:00.000000316,1,1,2010s,January
2014,1,112,9,16,42,0.1,0.3,0,48,32,17,1970-01-01 00:00:00.000000316,1,1,2010s,January
2014,1,140,10,44,12,0.2,0.0,2,48,34,12,1970-01-01 00:00:00.000000316,1,1,2010s,January
2014,1,6,12,15,25,0.0,0.0,1,48,17,22,1970-01-01 00:00:00.000000317,1,5,2010s,January
2014,1,37,11,30,38,0.2,0.1,2,48,25,42,1970-01-01 00:00:00.000000317,1,5,2010s,January
2014,1,90,12,38,77,0.0,0.1,0,48,63,41,1970-01-01 00:00:00.000000317,1,5,2010s,January
2014,1,23,11,41,14,0.1,0.4,0,48,10,44,1970-01-01 00:00:00.000000317,1,5,2010s,January
2014,1,124,15,7,35,0.3,0.1,2,48,5,38,1970-01-01 00:00:00.000000318,1,6,2010s,January
2014,1,115,14,22,27,0.0,0.0,1,48,17,22,1970-01-01 00:00:00.000000318,1,6,2010s,January
2014,1,74,14,32,69,0.0,0.3,0,48,58,35,1970-01-01 00:00:00.000000318,1,6,2010s,January
2014,1,107,15,46,2,0.2,0.3,0,48,1,50,1970-01-01 00:00:00.000000318,1,6,2010s,January
2014,1,24,17,0,57,0.1,0.1,1,48,17,22,1970-01-01 00:00:00.000000319,1,4,2010s,January
2014,1,140,17,65,5,0.0,0.1,0,48,4,69,1970-01-01 00:00:00.000000319,1,4,2010s,January
2014,1,15,16,54,29,0.2,0.1,2,48,43,32,1970-01-01 00:00:00.000000319,1,4,2010s,January
2014,1,112,16,76,28,0.0,0.1,0,48,23,80,1970-01-01 00:00:00.000000319,1,4,2010s,January
2014,1,6,19,8,12,0.1,0.1,2,8,6,12,1970-01-01 00:00:00.000000320,1,2,2010s,January
2014,1,115,19,14,77,0.2,0.0,2,48,10,81,1970-01-01 00:00:00.000000320,1,2,2010s,January
2014,1,112,19,15,30,0.1,0.1,2,12,11,33,1970-01-01 00:00:00.000000321,1,3,2010s,January
2014,1,37,19,44,42,0.2,0.1,2,48,34,46,1970-01-01 00:00:00.000000321,1,3,2010s,January
2014,1,15,19,27,46,0.2,0.0,2,48,22,50,1970-01-01 00:00:00.000000322,1,1,2010s,January
2014,1,107,19,28,0,0.2,0.1,2,21,23,0,1970-01-01 00:00:00.000000322,1,1,2010s,January
2014,1,140,19,2,69,0.1,0.0,2,0,1,73,1970-01-01 00:00:00.000000323,0,5,2010s,January
2014,1,124,19,5,76,0.2,0.1,2,5,4,80,1970-01-01 00:00:00.000000323,0,5,2010s,January
2014,1,37,18,8,14,0.2,0.1,2,48,6,14,1970-01-01 00:00:00.000000324,0,0,2010s,January
2014,1,115,18,27,28,0.0,0.1,0,48,23,30,1970-01-01 00:00:00.000000324,0,0,2010s,January
2014,1,15,18,2,5,0.1,0.0,2,48,1,5,1970-01-01 00:00:00.000000325,0,2,2010s,January
2014,1,124,18,44,15,0.0,0.0,2,27,34,16,1970-01-01 00:00:00.000000325,0,2,2010s,January
2014,1,6,20,8,28,0.1,0.5,0,48,23,8,1970-01-01 00:00:00.000000326,0,5,2010s,January
2014,1,140,20,44,2,0.0,0.0,0,2,1,48,1970-01-01 00:00:00.000000327,0,6,2010s,January
2014,1,15,21,8,44,0.0,0.3,0,48,34,8,1970-01-01 00:00:00.000000328,0,2,2010s,January
2014,1,115,1,28,2,0.1,0.0,2,21,23,2,1970-01-01 00:00:00.000000329,0,3,2010s,January
2018,9,85,9,57,58,0.5,0.0,2,48,46,62,1970-01-01 00:00:00.000000330,1,4,2010s,January
2018,9,33,9,23,77,0.0,0.1,0,48,63,26,1970-01-01 00:00:00.000000331,1,0,2010s,January
2018,9,120,10,43,35,0.0,0.1,0,48,27,47,1970-01-01 00:00:00.000000331,1,0,2010s,January
2018,9,134,10,54,67,0.3,0.3,1,48,17,22,1970-01-01 00:00:00.000000331,1,0,2010s,January
2018,9,59,11,27,3,0.2,0.1,2,48,22,3,1970-01-01 00:00:00.000000332,1,2,2010s,January
2018,9,85,12,2,34,0.1,0.1,1,48,17,22,1970-01-01 00:00:00.000000332,1,2,2010s,January
2018,9,129,11,52,19,0.0,0.1,0,48,16,56,1970-01-01 00:00:00.000000332,1,2,2010s,January
2018,9,57,12,16,46,0.2,0.0,2,48,12,50,1970-01-01 00:00:00.000000332,1,2,2010s,January
2018,9,125,14,15,61,0.0,0.1,0,48,50,16,1970-01-01 00:00:00.000000333,1,3,2010s,January
2018,9,85,15,28,42,0.0,0.1,0,48,32,31,1970-01-01 00:00:00.000000333,1,3,2010s,January
2018,9,118,14,8,69,0.1,0.1,1,48,17,22,1970-01-01 00:00:00.000000333,1,3,2010s,January
2018,9,94,15,68,65,0.1,0.0,2,48,57,69,1970-01-01 00:00:00.000000334,1,1,2010s,January
2018,9,134,16,5,50,0.3,0.0,2,48,4,54,1970-01-01 00:00:00.000000334,1,1,2010s,January
2018,9,153,16,72,25,0.1,0.2,0,48,20,76,1970-01-01 00:00:00.000000334,1,1,2010s,January
2018,9,129,17,14,40,0.1,0.2,0,48,31,14,1970-01-01 00:00:00.000000335,1,5,2010s,January
2018,9,85,17,53,60,0.1,0.2,0,48,49,57,1970-01-01 00:00:00.000000335,1,5,2010s,January
2018,9,120,9,57,23,0.3,0.1,2,48,46,26,1970-01-01 00:00:00.000000335,1,5,2010s,January
2018,9,85,10,54,43,0.1,0.0,2,48,43,47,1970-01-01 00:00:00.000000336,1,6,2010s,January
2018,9,118,9,77,58,0.1,0.0,2,48,63,62,1970-01-01 00:00:00.000000336,1,6,2010s,January
2018,9,59,10,35,67,0.0,0.1,0,48,56,38,1970-01-01 00:00:00.000000336,1,6,2010s,January
2018,9,125,11,20,3,0.1,0.1,1,48,17,22,1970-01-01 00:00:00.000000337,1,4,2010s,January
2018,9,33,11,27,52,0.1,0.0,2,48,22,56,1970-01-01 00:00:00.000000337,1,4,2010s,January
2018,9,94,12,2,16,0.0,0.3,0,48,12,2,1970-01-01 00:00:00.000000337,1,4,2010s,January
2018,9,120,14,8,15,0.2,0.0,2,48,6,16,1970-01-01 00:00:00.000000338,1,0,2010s,January
2018,9,153,12,46,34,0.2,0.0,2,48,35,37,1970-01-01 00:00:00.000000338,1,0,2010s,January
2018,9,57,14,61,69,0.1,0.2,0,48,58,65,1970-01-01 00:00:00.000000338,1,0,2010s,January
2018,9,85,16,5,72,0.5,0.2,2,48,4,76,1970-01-01 00:00:00.000000339,1,2,2010s,January
2018,9,118,15,65,42,0.1,0.2,0,48,32,69,1970-01-01 00:00:00.000000339,1,2,2010s,January
2018,9,134,15,28,68,0.2,0.1,2,48,23,72,1970-01-01 00:00:00.000000339,1,2,2010s,January
2018,9,94,16,25,50,0.5,0.1,2,48,20,54,1970-01-01 00:00:00.000000340,1,3,2010s,January
2018,9,33,17,41,60,0.2,0.2,1,48,17,22,1970-01-01 00:00:00.000000340,1,3,2010s,January
2018,9,59,17,53,14,0.0,0.3,0,48,10,57,1970-01-01 00:00:00.000000340,1,3,2010s,January
2018,9,125,9,57,77,0.0,0.3,0,48,63,61,1970-01-01 00:00:00.000000341,1,1,2010s,January
2018,9,153,9,58,23,0.2,0.1,2,48,47,26,1970-01-01 00:00:00.000000341,1,1,2010s,January
2018,9,57,10,67,43,0.2,0.2,1,48,17,22,1970-01-01 00:00:00.000000341,1,1,2010s,January
2018,9,129,10,35,54,0.1,0.1,1,48,17,22,1970-01-01 00:00:00.000000341,1,1,2010s,January
2018,9,134,11,3,52,0.0,0.2,0,48,40,3,1970-01-01 00:00:00.000000342,1,5,2010s,January
2018,9,85,11,20,27,0.0,0.0,1,48,17,22,1970-01-01 00:00:00.000000342,1,5,2010s,January
2018,9,120,12,46,2,0.1,0.2,0,48,1,50,1970-01-01 00:00:00.000000342,1,5,2010s,January
2018,9,118,13,34,16,0.1,0.2,0,48,12,37,1970-01-01 00:00:00.000000342,1,5,2010s,January
2018,9,59,15,65,28,0.2,0.0,2,48,54,31,1970-01-01 00:00:00.000000343,1,6,2010s,January
2018,9,33,15,42,68,0.0,0.3,0,48,57,46,1970-01-01 00:00:00.000000343,1,6,2010s,January
2018,9,85,14,61,8,0.0,0.2,0,48,6,65,1970-01-01 00:00:00.000000343,1,6,2010s,January
2018,9,94,14,69,15,0.2,0.2,1,48,17,22,1970-01-01 00:00:00.000000343,1,6,2010s,January
2018,9,153,17,41,53,0.0,0.1,0,48,41,44,1970-01-01 00:00:00.000000344,1,4,2010s,January
2018,9,125,17,60,14,0.0,0.1,0,48,10,64,1970-01-01 00:00:00.000000344,1,4,2010s,January
2018,9,129,16,50,72,0.1,0.2,0,48,59,54,1970-01-01 00:00:00.000000344,1,4,2010s,January
2018,9,57,16,25,5,0.0,0.1,0,48,4,28,1970-01-01 00:00:00.000000344,1,4,2010s,January
2018,9,59,19,27,2,0.4,0.3,2,48,22,2,1970-01-01 00:00:00.000000345,1,2,2010s,January
2018,9,134,19,77,54,0.2,0.1,2,48,63,58,1970-01-01 00:00:00.000000345,1,2,2010s,January
2018,9,85,19,57,67,0.1,0.1,2,32,46,71,1970-01-01 00:00:00.000000346,0,3,2010s,January
2018,9,94,19,16,19,0.1,0.1,2,14,12,21,1970-01-01 00:00:00.000000346,0,3,2010s,January
2018,9,125,19,8,42,0.2,0.0,2,48,6,46,1970-01-01 00:00:00.000000347,0,1,2010s,January
2018,9,118,19,5,40,0.3,0.2,2,48,4,44,1970-01-01 00:00:00.000000347,0,1,2010s,January
2018,9,120,19,68,69,0.1,0.0,2,48,57,73,1970-01-01 00:00:00.000000348,0,5,2010s,January
2018,9,85,19,14,25,0.1,0.1,0,18,20,15,1970-01-01 00:00:00.000000348,0,5,2010s,January
2018,9,94,18,77,27,0.0,0.2,0,48,22,81,1970-01-01 00:00:00.000000349,0,0,2010s,January
2018,9,59,18,8,5,0.1,0.2,0,48,4,8,1970-01-01 00:00:00.000000349,0,0,2010s,January
2018,9,125,18,68,25,0.0,0.2,0,48,20,72,1970-01-01 00:00:00.000000350,0,2,2010s,January
2018,9,134,18,57,16,0.2,0.2,0,15,12,61,1970-01-01 00:00:00.000000350,0,2,2010s,January
2018,9,120,20,27,5,0.1,0.0,2,48,22,5,1970-01-01 00:00:00.000000351,0,5,2010s,January
2018,9,85,20,16,25,0.2,0.1,2,13,12,28,1970-01-01 00:00:00.000000352,0,6,2010s,January
2018,9,120,21,5,25,0.2,0.0,2,48,4,28,1970-01-01 00:00:00.000000353,0,2,2010s,January
2018,9,85,1,27,16,0.4,0.2,2,48,22,17,1970-01-01 00:00:00.000000354,0,3,2010s,January
